ts_event,rtype,publisher_id,instrument_id,open,high,low,close,volume,symbol
2023-01-18T00:00:00.000000000Z,33,1,8071,11594.500000000,11598.500000000,11592.750000000,11597.500000000,435,MNQH3
2023-01-18T00:01:00.000000000Z,33,1,8071,11597.750000000,11598.750000000,11593.750000000,11595.500000000,246,MNQH3
2023-01-18T00:02:00.000000000Z,33,1,8071,11595.000000000,11595.750000000,11592.500000000,11594.000000000,137,MNQH3
2023-01-18T00:03:00.000000000Z,33,1,8071,11593.500000000,11595.250000000,11592.250000000,11595.000000000,124,MNQH3
2023-01-18T00:04:00.000000000Z,33,1,8071,11594.500000000,11595.250000000,11592.500000000,11592.750000000,80,MNQH3
2023-01-18T00:05:00.000000000Z,33,1,8071,11592.500000000,11593.250000000,11589.750000000,11591.000000000,188,MNQH3
2023-01-18T00:06:00.000000000Z,33,1,8071,11590.750000000,11591.500000000,11589.500000000,11590.000000000,126,MNQH3
2023-01-18T00:07:00.000000000Z,33,1,8071,11589.750000000,11591.250000000,11588.750000000,11591.000000000,106,MNQH3
2023-01-18T00:08:00.000000000Z,33,1,8071,11591.500000000,11591.750000000,11589.500000000,11590.750000000,91,MNQH3
2023-01-18T00:09:00.000000000Z,33,1,8071,11590.500000000,11590.500000000,11588.750000000,11588.750000000,131,MNQH3
2023-01-18T00:10:00.000000000Z,33,1,8071,11588.500000000,11590.000000000,11588.000000000,11589.000000000,148,MNQH3
2023-01-18T00:11:00.000000000Z,33,1,8071,11588.750000000,11589.000000000,11586.500000000,11587.750000000,197,MNQH3
2023-01-18T00:12:00.000000000Z,33,1,8071,11587.250000000,11588.750000000,11586.500000000,11586.750000000,146,MNQH3
2023-01-18T00:13:00.000000000Z,33,1,8071,11586.500000000,11587.500000000,11585.500000000,11585.750000000,180,MNQH3
2023-01-18T00:14:00.000000000Z,33,1,8071,11585.750000000,11586.000000000,11582.000000000,11582.250000000,506,MNQH3
2023-01-18T00:15:00.000000000Z,33,1,8071,11582.250000000,11586.500000000,11582.000000000,11585.500000000,321,MNQH3
2023-01-18T00:16:00.000000000Z,33,1,8071,11585.250000000,11589.000000000,11585.250000000,11589.000000000,172,MNQH3
2023-01-18T00:17:00.000000000Z,33,1,8071,11589.000000000,11589.000000000,11587.250000000,11588.750000000,90,MNQH3
2023-01-18T00:18:00.000000000Z,33,1,8071,11589.000000000,11590.750000000,11589.000000000,11589.750000000,160,MNQH3
2023-01-18T00:19:00.000000000Z,33,1,8071,11590.000000000,11590.250000000,11589.000000000,11589.500000000,76,MNQH3
2023-01-18T00:20:00.000000000Z,33,1,8071,11589.000000000,11591.500000000,11588.750000000,11590.500000000,109,MNQH3
2023-01-18T00:21:00.000000000Z,33,1,8071,11590.750000000,11592.250000000,11589.500000000,11589.750000000,101,MNQH3
2023-01-18T00:22:00.000000000Z,33,1,8071,11589.250000000,11590.750000000,11588.250000000,11590.750000000,92,MNQH3
2023-01-18T00:23:00.000000000Z,33,1,8071,11590.500000000,11591.500000000,11589.500000000,11589.500000000,118,MNQH3
2023-01-18T00:24:00.000000000Z,33,1,8071,11590.000000000,11590.250000000,11589.500000000,11590.250000000,58,MNQH3
2023-01-18T00:25:00.000000000Z,33,1,8071,11590.250000000,11593.750000000,11589.750000000,11593.500000000,178,MNQH3
2023-01-18T00:26:00.000000000Z,33,1,8071,11593.750000000,11594.500000000,11591.500000000,11592.000000000,197,MNQH3
2023-01-18T00:27:00.000000000Z,33,1,8071,11592.000000000,11592.500000000,11591.500000000,11591.750000000,58,MNQH3
2023-01-18T00:28:00.000000000Z,33,1,8071,11592.250000000,11592.250000000,11589.250000000,11589.250000000,147,MNQH3
2023-01-18T00:29:00.000000000Z,33,1,8071,11589.250000000,11589.500000000,11587.250000000,11588.000000000,128,MNQH3
2023-01-18T00:30:00.000000000Z,33,1,8071,11588.500000000,11590.250000000,11587.250000000,11587.750000000,150,MNQH3
2023-01-18T00:31:00.000000000Z,33,1,8071,11588.000000000,11593.500000000,11588.000000000,11592.750000000,158,MNQH3
2023-01-18T00:32:00.000000000Z,33,1,8071,11592.500000000,11594.750000000,11591.750000000,11592.000000000,246,MNQH3
2023-01-18T00:33:00.000000000Z,33,1,8071,11592.000000000,11594.000000000,11591.750000000,11592.750000000,133,MNQH3
2023-01-18T00:34:00.000000000Z,33,1,8071,11592.750000000,11593.750000000,11591.500000000,11593.000000000,119,MNQH3
2023-01-18T00:35:00.000000000Z,33,1,8071,11592.500000000,11593.750000000,11592.250000000,11592.750000000,60,MNQH3
2023-01-18T00:36:00.000000000Z,33,1,8071,11593.000000000,11593.000000000,11590.500000000,11590.750000000,81,MNQH3
2023-01-18T00:37:00.000000000Z,33,1,8071,11590.500000000,11595.250000000,11590.500000000,11594.250000000,406,MNQH3
2023-01-18T00:38:00.000000000Z,33,1,8071,11594.500000000,11595.500000000,11593.750000000,11595.000000000,133,MNQH3
2023-01-18T00:39:00.000000000Z,33,1,8071,11594.750000000,11594.750000000,11590.750000000,11592.000000000,132,MNQH3
2023-01-18T00:40:00.000000000Z,33,1,8071,11591.500000000,11592.500000000,11590.750000000,11591.000000000,90,MNQH3
2023-01-18T00:41:00.000000000Z,33,1,8071,11591.250000000,11593.250000000,11591.250000000,11591.750000000,82,MNQH3
2023-01-18T00:42:00.000000000Z,33,1,8071,11592.000000000,11592.000000000,11590.750000000,11592.000000000,69,MNQH3
2023-01-18T00:43:00.000000000Z,33,1,8071,11591.750000000,11592.500000000,11590.250000000,11591.500000000,141,MNQH3
2023-01-18T00:44:00.000000000Z,33,1,8071,11591.500000000,11592.000000000,11589.750000000,11590.250000000,102,MNQH3
2023-01-18T00:45:00.000000000Z,33,1,8071,11590.250000000,11590.250000000,11588.000000000,11588.750000000,182,MNQH3
2023-01-18T00:46:00.000000000Z,33,1,8071,11589.000000000,11589.250000000,11586.500000000,11587.250000000,174,MNQH3
2023-01-18T00:47:00.000000000Z,33,1,8071,11587.750000000,11587.750000000,11584.750000000,11585.750000000,231,MNQH3
2023-01-18T00:48:00.000000000Z,33,1,8071,11586.000000000,11588.750000000,11585.750000000,11588.250000000,160,MNQH3
2023-01-18T00:49:00.000000000Z,33,1,8071,11588.000000000,11589.500000000,11587.500000000,11589.500000000,128,MNQH3
2023-01-18T00:50:00.000000000Z,33,1,8071,11589.750000000,11595.750000000,11589.500000000,11594.750000000,299,MNQH3
2023-01-18T00:51:00.000000000Z,33,1,8071,11595.000000000,11595.750000000,11594.500000000,11595.000000000,228,MNQH3
2023-01-18T00:52:00.000000000Z,33,1,8071,11595.250000000,11597.000000000,11595.000000000,11596.250000000,217,MNQH3
2023-01-18T00:53:00.000000000Z,33,1,8071,11596.250000000,11596.500000000,11593.750000000,11594.500000000,134,MNQH3
2023-01-18T00:54:00.000000000Z,33,1,8071,11594.500000000,11595.500000000,11592.250000000,11593.750000000,163,MNQH3
2023-01-18T00:55:00.000000000Z,33,1,8071,11593.750000000,11595.250000000,11593.500000000,11594.500000000,74,MNQH3
2023-01-18T00:56:00.000000000Z,33,1,8071,11594.000000000,11595.250000000,11593.500000000,11593.500000000,84,MNQH3
2023-01-18T00:57:00.000000000Z,33,1,8071,11593.750000000,11593.750000000,11591.750000000,11592.500000000,141,MNQH3
2023-01-18T00:58:00.000000000Z,33,1,8071,11593.000000000,11593.750000000,11592.750000000,11593.500000000,50,MNQH3
2023-01-18T00:59:00.000000000Z,33,1,8071,11593.500000000,11594.250000000,11591.750000000,11592.000000000,103,MNQH3
2023-01-18T01:00:00.000000000Z,33,1,8071,11591.750000000,11595.750000000,11590.750000000,11595.250000000,150,MNQH3
2023-01-18T01:01:00.000000000Z,33,1,8071,11595.000000000,11595.750000000,11593.750000000,11594.000000000,109,MNQH3
2023-01-18T01:02:00.000000000Z,33,1,8071,11595.000000000,11598.750000000,11594.250000000,11598.750000000,201,MNQH3
2023-01-18T01:03:00.000000000Z,33,1,8071,11598.500000000,11599.750000000,11597.250000000,11598.250000000,189,MNQH3
2023-01-18T01:04:00.000000000Z,33,1,8071,11598.500000000,11602.250000000,11598.000000000,11602.250000000,246,MNQH3
2023-01-18T01:05:00.000000000Z,33,1,8071,11601.750000000,11603.500000000,11601.250000000,11602.750000000,260,MNQH3
2023-01-18T01:06:00.000000000Z,33,1,8071,11603.000000000,11603.500000000,11600.250000000,11600.750000000,191,MNQH3
2023-01-18T01:07:00.000000000Z,33,1,8071,11600.750000000,11601.250000000,11599.750000000,11600.750000000,135,MNQH3
2023-01-18T01:08:00.000000000Z,33,1,8071,11600.000000000,11602.250000000,11600.000000000,11601.250000000,134,MNQH3
2023-01-18T01:09:00.000000000Z,33,1,8071,11602.000000000,11602.500000000,11601.000000000,11602.500000000,95,MNQH3
2023-01-18T01:10:00.000000000Z,33,1,8071,11602.500000000,11602.750000000,11600.000000000,11600.500000000,126,MNQH3
2023-01-18T01:11:00.000000000Z,33,1,8071,11600.500000000,11600.750000000,11598.250000000,11599.000000000,148,MNQH3
2023-01-18T01:12:00.000000000Z,33,1,8071,11599.000000000,11601.500000000,11598.000000000,11600.750000000,101,MNQH3
2023-01-18T01:13:00.000000000Z,33,1,8071,11600.750000000,11601.000000000,11599.250000000,11599.750000000,34,MNQH3
2023-01-18T01:14:00.000000000Z,33,1,8071,11600.250000000,11602.000000000,11600.000000000,11601.500000000,91,MNQH3
2023-01-18T01:15:00.000000000Z,33,1,8071,11601.500000000,11602.000000000,11599.750000000,11601.000000000,112,MNQH3
2023-01-18T01:16:00.000000000Z,33,1,8071,11601.000000000,11606.250000000,11600.500000000,11605.000000000,387,MNQH3
2023-01-18T01:17:00.000000000Z,33,1,8071,11604.750000000,11606.750000000,11603.750000000,11605.250000000,185,MNQH3
2023-01-18T01:18:00.000000000Z,33,1,8071,11605.750000000,11605.750000000,11603.500000000,11603.750000000,151,MNQH3
2023-01-18T01:19:00.000000000Z,33,1,8071,11604.250000000,11605.000000000,11603.500000000,11604.750000000,109,MNQH3
2023-01-18T01:20:00.000000000Z,33,1,8071,11604.500000000,11606.000000000,11604.000000000,11606.000000000,86,MNQH3
2023-01-18T01:21:00.000000000Z,33,1,8071,11605.750000000,11605.750000000,11602.750000000,11602.750000000,91,MNQH3
2023-01-18T01:22:00.000000000Z,33,1,8071,11602.750000000,11602.750000000,11601.250000000,11601.750000000,158,MNQH3
2023-01-18T01:23:00.000000000Z,33,1,8071,11601.750000000,11603.250000000,11601.750000000,11603.250000000,81,MNQH3
2023-01-18T01:24:00.000000000Z,33,1,8071,11603.750000000,11604.000000000,11599.250000000,11600.000000000,143,MNQH3
2023-01-18T01:25:00.000000000Z,33,1,8071,11600.250000000,11601.000000000,11599.750000000,11599.750000000,73,MNQH3
2023-01-18T01:26:00.000000000Z,33,1,8071,11600.250000000,11600.500000000,11597.750000000,11598.500000000,128,MNQH3
2023-01-18T01:27:00.000000000Z,33,1,8071,11598.500000000,11598.750000000,11595.000000000,11595.000000000,270,MNQH3
2023-01-18T01:28:00.000000000Z,33,1,8071,11595.000000000,11597.000000000,11594.500000000,11596.000000000,181,MNQH3
2023-01-18T01:29:00.000000000Z,33,1,8071,11595.750000000,11597.250000000,11594.500000000,11597.000000000,120,MNQH3
2023-01-18T01:30:00.000000000Z,33,1,8071,11597.000000000,11597.750000000,11595.000000000,11597.750000000,159,MNQH3
2023-01-18T01:31:00.000000000Z,33,1,8071,11597.250000000,11601.000000000,11597.250000000,11599.750000000,257,MNQH3
2023-01-18T01:32:00.000000000Z,33,1,8071,11599.750000000,11600.250000000,11597.000000000,11597.250000000,73,MNQH3
2023-01-18T01:33:00.000000000Z,33,1,8071,11597.250000000,11597.750000000,11595.750000000,11596.250000000,142,MNQH3
2023-01-18T01:34:00.000000000Z,33,1,8071,11596.000000000,11596.750000000,11595.750000000,11596.000000000,105,MNQH3
2023-01-18T01:35:00.000000000Z,33,1,8071,11596.000000000,11597.250000000,11595.250000000,11596.250000000,79,MNQH3
2023-01-18T01:36:00.000000000Z,33,1,8071,11597.000000000,11598.000000000,11596.750000000,11597.250000000,62,MNQH3
2023-01-18T01:37:00.000000000Z,33,1,8071,11597.000000000,11598.250000000,11597.000000000,11597.500000000,81,MNQH3
2023-01-18T01:38:00.000000000Z,33,1,8071,11597.500000000,11597.500000000,11594.250000000,11594.500000000,176,MNQH3
2023-01-18T01:39:00.000000000Z,33,1,8071,11594.500000000,11594.500000000,11591.000000000,11591.000000000,305,MNQH3
2023-01-18T01:40:00.000000000Z,33,1,8071,11591.250000000,11594.500000000,11590.750000000,11594.250000000,134,MNQH3
2023-01-18T01:41:00.000000000Z,33,1,8071,11593.750000000,11595.500000000,11593.000000000,11595.000000000,136,MNQH3
2023-01-18T01:42:00.000000000Z,33,1,8071,11595.500000000,11596.500000000,11593.500000000,11593.500000000,147,MNQH3
2023-01-18T01:43:00.000000000Z,33,1,8071,11593.500000000,11595.250000000,11592.500000000,11595.250000000,92,MNQH3
2023-01-18T01:44:00.000000000Z,33,1,8071,11595.500000000,11597.500000000,11595.250000000,11597.500000000,110,MNQH3
2023-01-18T01:45:00.000000000Z,33,1,8071,11597.250000000,11597.500000000,11594.000000000,11594.500000000,104,MNQH3
2023-01-18T01:46:00.000000000Z,33,1,8071,11594.500000000,11595.000000000,11593.500000000,11594.000000000,82,MNQH3
2023-01-18T01:47:00.000000000Z,33,1,8071,11594.250000000,11596.000000000,11594.000000000,11595.250000000,52,MNQH3
2023-01-18T01:48:00.000000000Z,33,1,8071,11595.000000000,11595.500000000,11593.500000000,11593.750000000,65,MNQH3
2023-01-18T01:49:00.000000000Z,33,1,8071,11593.500000000,11595.500000000,11593.500000000,11595.500000000,55,MNQH3
2023-01-18T01:50:00.000000000Z,33,1,8071,11595.250000000,11595.250000000,11594.250000000,11595.250000000,44,MNQH3
2023-01-18T01:51:00.000000000Z,33,1,8071,11595.500000000,11596.500000000,11595.000000000,11595.250000000,114,MNQH3
2023-01-18T01:52:00.000000000Z,33,1,8071,11595.250000000,11595.250000000,11593.750000000,11594.250000000,39,MNQH3
2023-01-18T01:53:00.000000000Z,33,1,8071,11594.000000000,11594.500000000,11593.750000000,11594.500000000,42,MNQH3
2023-01-18T01:54:00.000000000Z,33,1,8071,11595.000000000,11596.000000000,11594.500000000,11595.000000000,84,MNQH3
2023-01-18T01:55:00.000000000Z,33,1,8071,11595.250000000,11598.250000000,11595.250000000,11598.250000000,149,MNQH3
2023-01-18T01:56:00.000000000Z,33,1,8071,11598.000000000,11600.500000000,11597.750000000,11598.750000000,270,MNQH3
2023-01-18T01:57:00.000000000Z,33,1,8071,11598.500000000,11602.500000000,11598.250000000,11601.250000000,279,MNQH3
2023-01-18T01:58:00.000000000Z,33,1,8071,11601.500000000,11602.000000000,11600.750000000,11601.250000000,95,MNQH3
2023-01-18T01:59:00.000000000Z,33,1,8071,11601.750000000,11603.250000000,11600.750000000,11603.000000000,130,MNQH3
2023-01-18T02:00:00.000000000Z,33,1,8071,11603.000000000,11603.000000000,11601.750000000,11602.000000000,138,MNQH3
2023-01-18T02:01:00.000000000Z,33,1,8071,11601.500000000,11603.500000000,11601.500000000,11603.500000000,96,MNQH3
2023-01-18T02:02:00.000000000Z,33,1,8071,11603.250000000,11606.500000000,11603.250000000,11604.000000000,323,MNQH3
2023-01-18T02:03:00.000000000Z,33,1,8071,11604.500000000,11606.250000000,11603.000000000,11606.250000000,156,MNQH3
2023-01-18T02:04:00.000000000Z,33,1,8071,11606.250000000,11608.000000000,11605.250000000,11606.500000000,264,MNQH3
2023-01-18T02:05:00.000000000Z,33,1,8071,11606.500000000,11606.750000000,11604.500000000,11605.250000000,196,MNQH3
2023-01-18T02:06:00.000000000Z,33,1,8071,11605.250000000,11605.500000000,11603.250000000,11604.500000000,171,MNQH3
2023-01-18T02:07:00.000000000Z,33,1,8071,11604.500000000,11606.500000000,11604.250000000,11606.500000000,114,MNQH3
2023-01-18T02:08:00.000000000Z,33,1,8071,11606.500000000,11606.500000000,11604.250000000,11604.500000000,60,MNQH3
2023-01-18T02:09:00.000000000Z,33,1,8071,11604.500000000,11605.250000000,11603.250000000,11604.750000000,107,MNQH3
2023-01-18T02:10:00.000000000Z,33,1,8071,11605.000000000,11605.500000000,11604.500000000,11605.250000000,116,MNQH3
2023-01-18T02:11:00.000000000Z,33,1,8071,11605.750000000,11607.750000000,11605.750000000,11606.500000000,89,MNQH3
2023-01-18T02:12:00.000000000Z,33,1,8071,11606.500000000,11607.250000000,11606.500000000,11607.250000000,65,MNQH3
2023-01-18T02:13:00.000000000Z,33,1,8071,11607.000000000,11607.500000000,11606.250000000,11606.250000000,71,MNQH3
2023-01-18T02:14:00.000000000Z,33,1,8071,11606.500000000,11606.500000000,11604.250000000,11604.750000000,53,MNQH3
2023-01-18T02:15:00.000000000Z,33,1,8071,11604.750000000,11606.750000000,11604.750000000,11606.500000000,77,MNQH3
2023-01-18T02:16:00.000000000Z,33,1,8071,11606.000000000,11607.000000000,11606.000000000,11606.000000000,68,MNQH3
2023-01-18T02:17:00.000000000Z,33,1,8071,11606.250000000,11607.750000000,11605.750000000,11607.750000000,77,MNQH3
2023-01-18T02:18:00.000000000Z,33,1,8071,11607.500000000,11611.000000000,11606.750000000,11608.500000000,398,MNQH3
2023-01-18T02:19:00.000000000Z,33,1,8071,11608.750000000,11608.750000000,11607.500000000,11607.750000000,79,MNQH3
2023-01-18T02:20:00.000000000Z,33,1,8071,11607.500000000,11609.250000000,11607.000000000,11608.500000000,107,MNQH3
2023-01-18T02:21:00.000000000Z,33,1,8071,11608.000000000,11608.500000000,11607.500000000,11608.500000000,71,MNQH3
2023-01-18T02:22:00.000000000Z,33,1,8071,11608.000000000,11608.250000000,11606.500000000,11606.750000000,85,MNQH3
2023-01-18T02:23:00.000000000Z,33,1,8071,11606.750000000,11608.250000000,11606.250000000,11606.750000000,109,MNQH3
2023-01-18T02:24:00.000000000Z,33,1,8071,11606.750000000,11608.500000000,11606.500000000,11608.000000000,36,MNQH3
2023-01-18T02:25:00.000000000Z,33,1,8071,11608.000000000,11608.250000000,11606.500000000,11606.500000000,58,MNQH3
2023-01-18T02:26:00.000000000Z,33,1,8071,11606.500000000,11606.750000000,11605.500000000,11605.500000000,107,MNQH3
2023-01-18T02:27:00.000000000Z,33,1,8071,11605.500000000,11606.000000000,11604.000000000,11606.000000000,147,MNQH3
2023-01-18T02:28:00.000000000Z,33,1,8071,11605.500000000,11606.250000000,11604.750000000,11605.500000000,43,MNQH3
2023-01-18T02:29:00.000000000Z,33,1,8071,11605.750000000,11605.750000000,11601.750000000,11602.000000000,231,MNQH3
2023-01-18T02:30:00.000000000Z,33,1,8071,11601.750000000,11602.000000000,11598.750000000,11599.750000000,314,MNQH3
2023-01-18T02:31:00.000000000Z,33,1,8071,11600.250000000,11601.000000000,11599.750000000,11600.250000000,69,MNQH3
2023-01-18T02:32:00.000000000Z,33,1,8071,11600.500000000,11600.750000000,11599.500000000,11599.750000000,100,MNQH3
2023-01-18T02:33:00.000000000Z,33,1,8071,11600.000000000,11601.000000000,11599.750000000,11600.000000000,70,MNQH3
2023-01-18T02:34:00.000000000Z,33,1,8071,11600.000000000,11600.000000000,11597.000000000,11598.000000000,244,MNQH3
2023-01-18T02:35:00.000000000Z,33,1,8071,11598.000000000,11600.000000000,11597.750000000,11598.250000000,120,MNQH3
2023-01-18T02:36:00.000000000Z,33,1,8071,11598.250000000,11599.750000000,11598.250000000,11599.250000000,59,MNQH3
2023-01-18T02:37:00.000000000Z,33,1,8071,11599.000000000,11599.250000000,11597.750000000,11597.750000000,78,MNQH3
2023-01-18T02:38:00.000000000Z,33,1,8071,11598.000000000,11598.000000000,11596.500000000,11597.500000000,113,MNQH3
2023-01-18T02:39:00.000000000Z,33,1,8071,11596.750000000,11597.500000000,11592.500000000,11593.000000000,358,MNQH3
2023-01-18T02:40:00.000000000Z,33,1,8071,11593.500000000,11657.250000000,11591.000000000,11638.000000000,8374,MNQH3
2023-01-18T02:41:00.000000000Z,33,1,8071,11637.500000000,11646.500000000,11627.500000000,11633.250000000,2339,MNQH3
2023-01-18T02:42:00.000000000Z,33,1,8071,11632.000000000,11649.250000000,11630.750000000,11649.000000000,2124,MNQH3
2023-01-18T02:43:00.000000000Z,33,1,8071,11648.750000000,11668.000000000,11648.000000000,11664.000000000,3209,MNQH3
2023-01-18T02:44:00.000000000Z,33,1,8071,11664.250000000,11693.250000000,11663.750000000,11670.500000000,4227,MNQH3
2023-01-18T02:45:00.000000000Z,33,1,8071,11671.000000000,11671.750000000,11661.750000000,11665.750000000,1322,MNQH3
2023-01-18T02:46:00.000000000Z,33,1,8071,11665.500000000,11679.000000000,11664.250000000,11668.750000000,1292,MNQH3
2023-01-18T02:47:00.000000000Z,33,1,8071,11669.250000000,11671.250000000,11653.500000000,11655.000000000,1476,MNQH3
2023-01-18T02:48:00.000000000Z,33,1,8071,11655.250000000,11657.000000000,11639.000000000,11645.250000000,2131,MNQH3
2023-01-18T02:49:00.000000000Z,33,1,8071,11645.500000000,11649.750000000,11640.750000000,11642.750000000,973,MNQH3
2023-01-18T02:50:00.000000000Z,33,1,8071,11642.250000000,11647.000000000,11641.000000000,11646.000000000,666,MNQH3
2023-01-18T02:51:00.000000000Z,33,1,8071,11646.750000000,11648.250000000,11636.750000000,11636.750000000,827,MNQH3
2023-01-18T02:52:00.000000000Z,33,1,8071,11637.000000000,11640.500000000,11632.250000000,11638.750000000,981,MNQH3
2023-01-18T02:53:00.000000000Z,33,1,8071,11639.500000000,11641.750000000,11637.500000000,11639.750000000,481,MNQH3
2023-01-18T02:54:00.000000000Z,33,1,8071,11640.000000000,11641.000000000,11634.500000000,11639.000000000,502,MNQH3
2023-01-18T02:55:00.000000000Z,33,1,8071,11639.000000000,11644.000000000,11636.500000000,11641.250000000,501,MNQH3
2023-01-18T02:56:00.000000000Z,33,1,8071,11641.000000000,11651.750000000,11640.000000000,11649.250000000,859,MNQH3
2023-01-18T02:57:00.000000000Z,33,1,8071,11649.500000000,11649.500000000,11640.000000000,11644.750000000,646,MNQH3
2023-01-18T02:58:00.000000000Z,33,1,8071,11644.750000000,11645.500000000,11639.750000000,11643.750000000,337,MNQH3
2023-01-18T02:59:00.000000000Z,33,1,8071,11643.750000000,11650.000000000,11643.250000000,11648.500000000,458,MNQH3
2023-01-18T03:00:00.000000000Z,33,1,8071,11648.500000000,11649.750000000,11643.000000000,11643.250000000,481,MNQH3
2023-01-18T03:01:00.000000000Z,33,1,8071,11643.250000000,11647.500000000,11641.000000000,11645.500000000,481,MNQH3
2023-01-18T03:02:00.000000000Z,33,1,8071,11645.250000000,11648.500000000,11641.250000000,11647.750000000,456,MNQH3
2023-01-18T03:03:00.000000000Z,33,1,8071,11647.750000000,11647.750000000,11636.000000000,11643.500000000,588,MNQH3
2023-01-18T03:04:00.000000000Z,33,1,8071,11644.000000000,11645.500000000,11641.750000000,11644.000000000,241,MNQH3
2023-01-18T03:05:00.000000000Z,33,1,8071,11643.000000000,11643.500000000,11639.250000000,11641.000000000,259,MNQH3
2023-01-18T03:06:00.000000000Z,33,1,8071,11641.000000000,11641.750000000,11638.500000000,11641.000000000,279,MNQH3
2023-01-18T03:07:00.000000000Z,33,1,8071,11641.000000000,11645.500000000,11640.750000000,11645.500000000,288,MNQH3
2023-01-18T03:08:00.000000000Z,33,1,8071,11645.500000000,11650.250000000,11645.000000000,11648.250000000,442,MNQH3
2023-01-18T03:09:00.000000000Z,33,1,8071,11648.500000000,11657.250000000,11647.000000000,11656.250000000,760,MNQH3
2023-01-18T03:10:00.000000000Z,33,1,8071,11656.500000000,11657.000000000,11651.500000000,11655.000000000,460,MNQH3
2023-01-18T03:11:00.000000000Z,33,1,8071,11655.250000000,11656.500000000,11653.250000000,11655.250000000,353,MNQH3
2023-01-18T03:12:00.000000000Z,33,1,8071,11655.000000000,11657.250000000,11654.250000000,11654.500000000,661,MNQH3
2023-01-18T03:13:00.000000000Z,33,1,8071,11654.250000000,11657.750000000,11654.250000000,11657.750000000,423,MNQH3
2023-01-18T03:14:00.000000000Z,33,1,8071,11657.750000000,11661.500000000,11653.500000000,11660.750000000,654,MNQH3
2023-01-18T03:15:00.000000000Z,33,1,8071,11660.250000000,11661.500000000,11658.250000000,11660.750000000,561,MNQH3
2023-01-18T03:16:00.000000000Z,33,1,8071,11660.750000000,11662.750000000,11658.000000000,11659.000000000,524,MNQH3
2023-01-18T03:17:00.000000000Z,33,1,8071,11658.750000000,11659.750000000,11656.500000000,11656.750000000,202,MNQH3
2023-01-18T03:18:00.000000000Z,33,1,8071,11656.750000000,11659.500000000,11655.500000000,11659.500000000,290,MNQH3
2023-01-18T03:19:00.000000000Z,33,1,8071,11659.000000000,11659.250000000,11656.250000000,11658.500000000,244,MNQH3
2023-01-18T03:20:00.000000000Z,33,1,8071,11658.750000000,11662.750000000,11657.250000000,11657.500000000,400,MNQH3
2023-01-18T03:21:00.000000000Z,33,1,8071,11657.500000000,11657.750000000,11653.750000000,11655.250000000,330,MNQH3
2023-01-18T03:22:00.000000000Z,33,1,8071,11655.000000000,11655.750000000,11652.250000000,11653.500000000,260,MNQH3
2023-01-18T03:23:00.000000000Z,33,1,8071,11653.750000000,11653.750000000,11650.250000000,11651.750000000,288,MNQH3
2023-01-18T03:24:00.000000000Z,33,1,8071,11652.000000000,11653.250000000,11648.250000000,11648.500000000,311,MNQH3
2023-01-18T03:25:00.000000000Z,33,1,8071,11648.750000000,11650.500000000,11648.250000000,11649.750000000,322,MNQH3
2023-01-18T03:26:00.000000000Z,33,1,8071,11650.250000000,11652.000000000,11649.250000000,11650.500000000,165,MNQH3
2023-01-18T03:27:00.000000000Z,33,1,8071,11651.000000000,11651.500000000,11648.250000000,11649.250000000,212,MNQH3
2023-01-18T03:28:00.000000000Z,33,1,8071,11649.250000000,11651.000000000,11648.000000000,11650.500000000,170,MNQH3
2023-01-18T03:29:00.000000000Z,33,1,8071,11650.500000000,11650.500000000,11648.000000000,11649.000000000,144,MNQH3
2023-01-18T03:30:00.000000000Z,33,1,8071,11649.000000000,11649.000000000,11644.750000000,11646.000000000,422,MNQH3
2023-01-18T03:31:00.000000000Z,33,1,8071,11645.500000000,11645.500000000,11638.000000000,11638.750000000,605,MNQH3
2023-01-18T03:32:00.000000000Z,33,1,8071,11638.750000000,11640.500000000,11636.000000000,11636.750000000,632,MNQH3
2023-01-18T03:33:00.000000000Z,33,1,8071,11637.000000000,11638.750000000,11635.500000000,11636.750000000,379,MNQH3
2023-01-18T03:34:00.000000000Z,33,1,8071,11636.500000000,11639.500000000,11632.500000000,11634.750000000,503,MNQH3
2023-01-18T03:35:00.000000000Z,33,1,8071,11634.500000000,11638.250000000,11634.500000000,11638.250000000,339,MNQH3
2023-01-18T03:36:00.000000000Z,33,1,8071,11638.500000000,11639.750000000,11635.500000000,11638.250000000,325,MNQH3
2023-01-18T03:37:00.000000000Z,33,1,8071,11638.500000000,11638.500000000,11623.250000000,11623.750000000,1088,MNQH3
2023-01-18T03:38:00.000000000Z,33,1,8071,11624.000000000,11628.250000000,11623.250000000,11628.000000000,518,MNQH3
2023-01-18T03:39:00.000000000Z,33,1,8071,11628.500000000,11629.000000000,11626.750000000,11627.250000000,236,MNQH3
2023-01-18T03:40:00.000000000Z,33,1,8071,11627.500000000,11627.750000000,11625.000000000,11625.750000000,325,MNQH3
2023-01-18T03:41:00.000000000Z,33,1,8071,11625.750000000,11626.000000000,11620.500000000,11620.500000000,412,MNQH3
2023-01-18T03:42:00.000000000Z,33,1,8071,11620.500000000,11624.250000000,11619.250000000,11623.750000000,455,MNQH3
2023-01-18T03:43:00.000000000Z,33,1,8071,11623.750000000,11625.750000000,11622.750000000,11625.500000000,228,MNQH3
2023-01-18T03:44:00.000000000Z,33,1,8071,11625.500000000,11625.500000000,11620.750000000,11622.000000000,269,MNQH3
2023-01-18T03:45:00.000000000Z,33,1,8071,11621.000000000,11625.750000000,11620.250000000,11625.500000000,262,MNQH3
2023-01-18T03:46:00.000000000Z,33,1,8071,11625.500000000,11626.000000000,11622.000000000,11622.000000000,173,MNQH3
2023-01-18T03:47:00.000000000Z,33,1,8071,11622.500000000,11622.750000000,11620.000000000,11620.500000000,162,MNQH3
2023-01-18T03:48:00.000000000Z,33,1,8071,11620.500000000,11626.500000000,11620.250000000,11625.750000000,355,MNQH3
2023-01-18T03:49:00.000000000Z,33,1,8071,11625.750000000,11626.000000000,11621.250000000,11621.500000000,174,MNQH3
2023-01-18T03:50:00.000000000Z,33,1,8071,11621.250000000,11624.750000000,11621.000000000,11621.750000000,138,MNQH3
2023-01-18T03:51:00.000000000Z,33,1,8071,11622.000000000,11625.500000000,11621.750000000,11624.500000000,177,MNQH3
2023-01-18T03:52:00.000000000Z,33,1,8071,11624.250000000,11624.250000000,11618.750000000,11621.000000000,582,MNQH3
2023-01-18T03:53:00.000000000Z,33,1,8071,11620.750000000,11624.000000000,11620.250000000,11623.500000000,181,MNQH3
2023-01-18T03:54:00.000000000Z,33,1,8071,11624.000000000,11625.000000000,11621.750000000,11622.250000000,193,MNQH3
2023-01-18T03:55:00.000000000Z,33,1,8071,11622.000000000,11622.000000000,11617.000000000,11620.250000000,344,MNQH3
2023-01-18T03:56:00.000000000Z,33,1,8071,11620.000000000,11623.250000000,11619.250000000,11622.000000000,175,MNQH3
2023-01-18T03:57:00.000000000Z,33,1,8071,11621.750000000,11622.500000000,11619.500000000,11620.750000000,141,MNQH3
2023-01-18T03:58:00.000000000Z,33,1,8071,11621.500000000,11627.000000000,11621.250000000,11626.750000000,240,MNQH3
2023-01-18T03:59:00.000000000Z,33,1,8071,11626.750000000,11627.250000000,11625.500000000,11626.500000000,169,MNQH3
2023-01-18T04:00:00.000000000Z,33,1,8071,11626.250000000,11632.000000000,11626.250000000,11632.000000000,638,MNQH3
2023-01-18T04:01:00.000000000Z,33,1,8071,11631.750000000,11632.250000000,11630.000000000,11631.500000000,240,MNQH3
2023-01-18T04:02:00.000000000Z,33,1,8071,11631.750000000,11635.500000000,11630.750000000,11633.250000000,574,MNQH3
2023-01-18T04:03:00.000000000Z,33,1,8071,11632.750000000,11633.250000000,11630.000000000,11632.250000000,169,MNQH3
2023-01-18T04:04:00.000000000Z,33,1,8071,11631.500000000,11631.750000000,11629.250000000,11631.000000000,138,MNQH3
2023-01-18T04:05:00.000000000Z,33,1,8071,11631.000000000,11631.000000000,11628.000000000,11628.500000000,143,MNQH3
2023-01-18T04:06:00.000000000Z,33,1,8071,11628.500000000,11629.500000000,11624.500000000,11624.500000000,170,MNQH3
2023-01-18T04:07:00.000000000Z,33,1,8071,11624.500000000,11624.500000000,11615.750000000,11616.500000000,826,MNQH3
2023-01-18T04:08:00.000000000Z,33,1,8071,11616.750000000,11622.500000000,11616.250000000,11621.250000000,366,MNQH3
2023-01-18T04:09:00.000000000Z,33,1,8071,11620.750000000,11621.500000000,11618.000000000,11620.500000000,229,MNQH3
2023-01-18T04:10:00.000000000Z,33,1,8071,11620.250000000,11624.500000000,11620.000000000,11621.000000000,263,MNQH3
2023-01-18T04:11:00.000000000Z,33,1,8071,11620.750000000,11627.750000000,11620.750000000,11627.000000000,301,MNQH3
2023-01-18T04:12:00.000000000Z,33,1,8071,11627.250000000,11630.000000000,11627.250000000,11629.750000000,293,MNQH3
2023-01-18T04:13:00.000000000Z,33,1,8071,11629.500000000,11630.000000000,11628.000000000,11628.750000000,179,MNQH3
2023-01-18T04:14:00.000000000Z,33,1,8071,11628.500000000,11635.500000000,11628.250000000,11633.750000000,467,MNQH3
2023-01-18T04:15:00.000000000Z,33,1,8071,11634.000000000,11634.500000000,11629.500000000,11630.500000000,281,MNQH3
2023-01-18T04:16:00.000000000Z,33,1,8071,11630.000000000,11631.000000000,11628.500000000,11630.500000000,113,MNQH3
2023-01-18T04:17:00.000000000Z,33,1,8071,11630.500000000,11633.250000000,11629.000000000,11632.250000000,115,MNQH3
2023-01-18T04:18:00.000000000Z,33,1,8071,11632.000000000,11633.500000000,11630.750000000,11632.250000000,118,MNQH3
2023-01-18T04:19:00.000000000Z,33,1,8071,11632.500000000,11635.750000000,11632.500000000,11634.500000000,291,MNQH3
2023-01-18T04:20:00.000000000Z,33,1,8071,11634.500000000,11635.000000000,11631.500000000,11633.750000000,275,MNQH3
2023-01-18T04:21:00.000000000Z,33,1,8071,11633.750000000,11634.500000000,11630.750000000,11632.500000000,137,MNQH3
2023-01-18T04:22:00.000000000Z,33,1,8071,11632.500000000,11634.500000000,11631.750000000,11633.000000000,114,MNQH3
2023-01-18T04:23:00.000000000Z,33,1,8071,11632.750000000,11634.000000000,11632.500000000,11633.500000000,52,MNQH3
2023-01-18T04:24:00.000000000Z,33,1,8071,11633.500000000,11634.000000000,11632.250000000,11632.250000000,91,MNQH3
2023-01-18T04:25:00.000000000Z,33,1,8071,11632.250000000,11634.750000000,11630.250000000,11633.000000000,217,MNQH3
2023-01-18T04:26:00.000000000Z,33,1,8071,11633.500000000,11634.500000000,11632.000000000,11633.750000000,51,MNQH3
2023-01-18T04:27:00.000000000Z,33,1,8071,11633.250000000,11640.000000000,11633.000000000,11639.250000000,474,MNQH3
2023-01-18T04:28:00.000000000Z,33,1,8071,11639.500000000,11639.500000000,11637.750000000,11638.500000000,207,MNQH3
2023-01-18T04:29:00.000000000Z,33,1,8071,11638.500000000,11640.250000000,11637.500000000,11638.250000000,238,MNQH3
2023-01-18T04:30:00.000000000Z,33,1,8071,11638.000000000,11640.500000000,11637.250000000,11638.250000000,330,MNQH3
2023-01-18T04:31:00.000000000Z,33,1,8071,11638.250000000,11638.250000000,11634.000000000,11636.750000000,211,MNQH3
2023-01-18T04:32:00.000000000Z,33,1,8071,11637.000000000,11637.250000000,11635.500000000,11636.750000000,84,MNQH3
2023-01-18T04:33:00.000000000Z,33,1,8071,11636.750000000,11639.750000000,11636.500000000,11638.500000000,152,MNQH3
2023-01-18T04:34:00.000000000Z,33,1,8071,11638.500000000,11643.500000000,11638.500000000,11642.250000000,347,MNQH3
2023-01-18T04:35:00.000000000Z,33,1,8071,11642.000000000,11642.500000000,11640.000000000,11640.250000000,93,MNQH3
2023-01-18T04:36:00.000000000Z,33,1,8071,11640.000000000,11642.750000000,11640.000000000,11641.750000000,119,MNQH3
2023-01-18T04:37:00.000000000Z,33,1,8071,11641.750000000,11641.750000000,11639.000000000,11639.750000000,109,MNQH3
2023-01-18T04:38:00.000000000Z,33,1,8071,11639.500000000,11641.250000000,11638.750000000,11639.500000000,83,MNQH3
2023-01-18T04:39:00.000000000Z,33,1,8071,11639.250000000,11640.250000000,11638.500000000,11639.500000000,88,MNQH3
2023-01-18T04:40:00.000000000Z,33,1,8071,11639.500000000,11641.000000000,11639.000000000,11641.000000000,100,MNQH3
2023-01-18T04:41:00.000000000Z,33,1,8071,11641.250000000,11641.500000000,11639.000000000,11639.250000000,87,MNQH3
2023-01-18T04:42:00.000000000Z,33,1,8071,11639.250000000,11640.000000000,11638.500000000,11638.750000000,86,MNQH3
2023-01-18T04:43:00.000000000Z,33,1,8071,11638.750000000,11641.250000000,11638.500000000,11641.250000000,84,MNQH3
2023-01-18T04:44:00.000000000Z,33,1,8071,11641.000000000,11641.500000000,11640.500000000,11640.750000000,95,MNQH3
2023-01-18T04:45:00.000000000Z,33,1,8071,11640.750000000,11641.750000000,11640.000000000,11640.000000000,90,MNQH3
2023-01-18T04:46:00.000000000Z,33,1,8071,11640.500000000,11641.000000000,11639.750000000,11640.500000000,99,MNQH3
2023-01-18T04:47:00.000000000Z,33,1,8071,11640.750000000,11641.500000000,11640.000000000,11640.000000000,39,MNQH3
2023-01-18T04:48:00.000000000Z,33,1,8071,11640.000000000,11640.750000000,11639.500000000,11640.750000000,52,MNQH3
2023-01-18T04:49:00.000000000Z,33,1,8071,11640.750000000,11640.750000000,11640.000000000,11640.750000000,55,MNQH3
2023-01-18T04:50:00.000000000Z,33,1,8071,11640.750000000,11645.500000000,11640.750000000,11645.500000000,460,MNQH3
2023-01-18T04:51:00.000000000Z,33,1,8071,11645.500000000,11648.500000000,11645.000000000,11647.500000000,404,MNQH3
2023-01-18T04:52:00.000000000Z,33,1,8071,11647.250000000,11647.750000000,11644.000000000,11644.250000000,206,MNQH3
2023-01-18T04:53:00.000000000Z,33,1,8071,11644.250000000,11644.500000000,11642.750000000,11643.250000000,90,MNQH3
2023-01-18T04:54:00.000000000Z,33,1,8071,11643.000000000,11644.000000000,11642.000000000,11643.250000000,140,MNQH3
2023-01-18T04:55:00.000000000Z,33,1,8071,11643.000000000,11644.250000000,11642.250000000,11643.250000000,83,MNQH3
2023-01-18T04:56:00.000000000Z,33,1,8071,11643.000000000,11646.250000000,11642.250000000,11644.250000000,117,MNQH3
2023-01-18T04:57:00.000000000Z,33,1,8071,11644.000000000,11645.250000000,11643.750000000,11645.000000000,77,MNQH3
2023-01-18T04:58:00.000000000Z,33,1,8071,11644.750000000,11645.250000000,11643.750000000,11645.000000000,90,MNQH3
2023-01-18T04:59:00.000000000Z,33,1,8071,11644.750000000,11645.500000000,11644.250000000,11645.500000000,48,MNQH3
2023-01-18T05:00:00.000000000Z,33,1,8071,11645.250000000,11646.500000000,11644.000000000,11645.750000000,87,MNQH3
2023-01-18T05:01:00.000000000Z,33,1,8071,11646.000000000,11647.000000000,11645.750000000,11646.500000000,74,MNQH3
2023-01-18T05:02:00.000000000Z,33,1,8071,11646.750000000,11646.750000000,11644.750000000,11645.250000000,105,MNQH3
2023-01-18T05:03:00.000000000Z,33,1,8071,11645.250000000,11645.750000000,11644.000000000,11645.250000000,118,MNQH3
2023-01-18T05:04:00.000000000Z,33,1,8071,11645.750000000,11646.500000000,11644.250000000,11644.250000000,87,MNQH3
2023-01-18T05:05:00.000000000Z,33,1,8071,11644.500000000,11644.500000000,11641.750000000,11642.250000000,153,MNQH3
2023-01-18T05:06:00.000000000Z,33,1,8071,11641.750000000,11642.500000000,11640.250000000,11640.750000000,125,MNQH3
2023-01-18T05:07:00.000000000Z,33,1,8071,11641.000000000,11641.250000000,11639.750000000,11641.000000000,128,MNQH3
2023-01-18T05:08:00.000000000Z,33,1,8071,11641.000000000,11641.250000000,11639.750000000,11640.500000000,98,MNQH3
2023-01-18T05:09:00.000000000Z,33,1,8071,11640.000000000,11642.000000000,11636.000000000,11636.750000000,376,MNQH3
2023-01-18T05:10:00.000000000Z,33,1,8071,11636.500000000,11638.750000000,11635.750000000,11638.750000000,181,MNQH3
2023-01-18T05:11:00.000000000Z,33,1,8071,11638.500000000,11639.000000000,11637.000000000,11638.750000000,78,MNQH3
2023-01-18T05:12:00.000000000Z,33,1,8071,11638.500000000,11640.000000000,11636.250000000,11637.250000000,178,MNQH3
2023-01-18T05:13:00.000000000Z,33,1,8071,11637.000000000,11637.750000000,11635.250000000,11636.250000000,110,MNQH3
2023-01-18T05:14:00.000000000Z,33,1,8071,11636.750000000,11637.500000000,11635.000000000,11636.500000000,136,MNQH3
2023-01-18T05:15:00.000000000Z,33,1,8071,11636.500000000,11638.000000000,11636.000000000,11636.750000000,42,MNQH3
2023-01-18T05:16:00.000000000Z,33,1,8071,11636.750000000,11638.000000000,11636.750000000,11637.500000000,81,MNQH3
2023-01-18T05:17:00.000000000Z,33,1,8071,11637.750000000,11638.500000000,11637.000000000,11638.500000000,71,MNQH3
2023-01-18T05:18:00.000000000Z,33,1,8071,11639.000000000,11642.000000000,11638.750000000,11640.000000000,158,MNQH3
2023-01-18T05:19:00.000000000Z,33,1,8071,11640.250000000,11641.250000000,11639.000000000,11639.250000000,118,MNQH3
2023-01-18T05:20:00.000000000Z,33,1,8071,11639.250000000,11642.250000000,11638.750000000,11642.000000000,161,MNQH3
2023-01-18T05:21:00.000000000Z,33,1,8071,11642.000000000,11642.250000000,11638.750000000,11639.250000000,172,MNQH3
2023-01-18T05:22:00.000000000Z,33,1,8071,11639.500000000,11640.750000000,11639.500000000,11640.250000000,79,MNQH3
2023-01-18T05:23:00.000000000Z,33,1,8071,11640.000000000,11641.000000000,11639.750000000,11640.750000000,80,MNQH3
2023-01-18T05:24:00.000000000Z,33,1,8071,11640.750000000,11641.000000000,11639.750000000,11640.000000000,57,MNQH3
2023-01-18T05:25:00.000000000Z,33,1,8071,11639.750000000,11641.750000000,11639.500000000,11641.000000000,82,MNQH3
2023-01-18T05:26:00.000000000Z,33,1,8071,11640.500000000,11641.000000000,11637.000000000,11637.000000000,99,MNQH3
2023-01-18T05:27:00.000000000Z,33,1,8071,11636.750000000,11637.500000000,11635.750000000,11636.750000000,135,MNQH3
2023-01-18T05:28:00.000000000Z,33,1,8071,11636.500000000,11639.250000000,11636.250000000,11638.500000000,144,MNQH3
2023-01-18T05:29:00.000000000Z,33,1,8071,11639.000000000,11639.000000000,11637.250000000,11638.750000000,44,MNQH3
2023-01-18T05:30:00.000000000Z,33,1,8071,11638.000000000,11640.250000000,11638.000000000,11639.500000000,107,MNQH3
2023-01-18T05:31:00.000000000Z,33,1,8071,11639.000000000,11640.500000000,11636.500000000,11637.000000000,151,MNQH3
2023-01-18T05:32:00.000000000Z,33,1,8071,11637.000000000,11637.500000000,11636.250000000,11637.000000000,100,MNQH3
2023-01-18T05:33:00.000000000Z,33,1,8071,11636.500000000,11637.250000000,11636.000000000,11637.000000000,68,MNQH3
2023-01-18T05:34:00.000000000Z,33,1,8071,11637.250000000,11637.500000000,11635.000000000,11635.250000000,83,MNQH3
2023-01-18T05:35:00.000000000Z,33,1,8071,11635.500000000,11636.000000000,11635.250000000,11635.750000000,51,MNQH3
2023-01-18T05:36:00.000000000Z,33,1,8071,11635.750000000,11636.500000000,11632.000000000,11633.250000000,293,MNQH3
2023-01-18T05:37:00.000000000Z,33,1,8071,11633.500000000,11635.000000000,11632.750000000,11634.000000000,126,MNQH3
2023-01-18T05:38:00.000000000Z,33,1,8071,11634.250000000,11635.750000000,11633.500000000,11634.000000000,68,MNQH3
2023-01-18T05:39:00.000000000Z,33,1,8071,11634.500000000,11635.000000000,11633.000000000,11634.250000000,95,MNQH3
2023-01-18T05:40:00.000000000Z,33,1,8071,11634.500000000,11637.500000000,11634.500000000,11636.250000000,118,MNQH3
2023-01-18T05:41:00.000000000Z,33,1,8071,11636.750000000,11639.250000000,11636.500000000,11639.250000000,159,MNQH3
2023-01-18T05:42:00.000000000Z,33,1,8071,11639.750000000,11641.500000000,11639.000000000,11639.500000000,192,MNQH3
2023-01-18T05:43:00.000000000Z,33,1,8071,11639.250000000,11639.750000000,11636.500000000,11637.250000000,92,MNQH3
2023-01-18T05:44:00.000000000Z,33,1,8071,11637.000000000,11637.250000000,11633.500000000,11636.500000000,189,MNQH3
2023-01-18T05:45:00.000000000Z,33,1,8071,11636.750000000,11637.750000000,11636.250000000,11637.000000000,64,MNQH3
2023-01-18T05:46:00.000000000Z,33,1,8071,11636.750000000,11637.000000000,11635.750000000,11636.750000000,67,MNQH3
2023-01-18T05:47:00.000000000Z,33,1,8071,11636.750000000,11638.500000000,11636.500000000,11638.000000000,61,MNQH3
2023-01-18T05:48:00.000000000Z,33,1,8071,11638.000000000,11640.750000000,11638.000000000,11640.500000000,95,MNQH3
2023-01-18T05:49:00.000000000Z,33,1,8071,11640.500000000,11643.500000000,11640.250000000,11641.000000000,277,MNQH3
2023-01-18T05:50:00.000000000Z,33,1,8071,11641.000000000,11643.500000000,11641.000000000,11642.000000000,126,MNQH3
2023-01-18T05:51:00.000000000Z,33,1,8071,11641.500000000,11642.000000000,11640.000000000,11641.250000000,72,MNQH3
2023-01-18T05:52:00.000000000Z,33,1,8071,11641.000000000,11641.500000000,11640.750000000,11641.500000000,26,MNQH3
2023-01-18T05:53:00.000000000Z,33,1,8071,11641.250000000,11641.500000000,11640.000000000,11641.500000000,70,MNQH3
2023-01-18T05:54:00.000000000Z,33,1,8071,11641.750000000,11641.750000000,11640.000000000,11641.500000000,95,MNQH3
2023-01-18T05:55:00.000000000Z,33,1,8071,11641.250000000,11641.250000000,11639.000000000,11639.250000000,52,MNQH3
2023-01-18T05:56:00.000000000Z,33,1,8071,11638.750000000,11639.750000000,11636.750000000,11636.750000000,115,MNQH3
2023-01-18T05:57:00.000000000Z,33,1,8071,11637.500000000,11638.750000000,11637.250000000,11638.250000000,38,MNQH3
2023-01-18T05:58:00.000000000Z,33,1,8071,11638.500000000,11639.000000000,11638.000000000,11638.000000000,44,MNQH3
2023-01-18T05:59:00.000000000Z,33,1,8071,11638.250000000,11641.250000000,11638.000000000,11640.500000000,50,MNQH3
2023-01-18T06:00:00.000000000Z,33,1,8071,11640.250000000,11642.000000000,11639.750000000,11640.250000000,187,MNQH3
2023-01-18T06:01:00.000000000Z,33,1,8071,11640.500000000,11641.000000000,11638.250000000,11638.750000000,98,MNQH3
2023-01-18T06:02:00.000000000Z,33,1,8071,11639.500000000,11641.500000000,11639.500000000,11640.750000000,86,MNQH3
2023-01-18T06:03:00.000000000Z,33,1,8071,11641.000000000,11641.500000000,11640.000000000,11640.000000000,71,MNQH3
2023-01-18T06:04:00.000000000Z,33,1,8071,11640.250000000,11640.250000000,11638.250000000,11639.250000000,83,MNQH3
2023-01-18T06:05:00.000000000Z,33,1,8071,11638.750000000,11640.750000000,11638.500000000,11640.250000000,41,MNQH3
2023-01-18T06:06:00.000000000Z,33,1,8071,11640.250000000,11643.000000000,11640.250000000,11642.500000000,60,MNQH3
2023-01-18T06:07:00.000000000Z,33,1,8071,11642.500000000,11642.500000000,11640.750000000,11641.000000000,56,MNQH3
2023-01-18T06:08:00.000000000Z,33,1,8071,11641.250000000,11643.000000000,11641.250000000,11642.750000000,57,MNQH3
2023-01-18T06:09:00.000000000Z,33,1,8071,11642.750000000,11643.750000000,11641.000000000,11642.500000000,148,MNQH3
2023-01-18T06:10:00.000000000Z,33,1,8071,11642.500000000,11643.250000000,11641.500000000,11642.000000000,52,MNQH3
2023-01-18T06:11:00.000000000Z,33,1,8071,11642.000000000,11642.250000000,11640.500000000,11641.500000000,44,MNQH3
2023-01-18T06:12:00.000000000Z,33,1,8071,11641.500000000,11642.500000000,11640.750000000,11641.250000000,52,MNQH3
2023-01-18T06:13:00.000000000Z,33,1,8071,11641.250000000,11643.250000000,11641.000000000,11643.250000000,62,MNQH3
2023-01-18T06:14:00.000000000Z,33,1,8071,11643.000000000,11644.750000000,11642.250000000,11643.000000000,152,MNQH3
2023-01-18T06:15:00.000000000Z,33,1,8071,11643.000000000,11643.750000000,11642.000000000,11643.500000000,60,MNQH3
2023-01-18T06:16:00.000000000Z,33,1,8071,11643.500000000,11644.500000000,11643.250000000,11643.750000000,97,MNQH3
2023-01-18T06:17:00.000000000Z,33,1,8071,11644.000000000,11644.750000000,11643.500000000,11643.500000000,63,MNQH3
2023-01-18T06:18:00.000000000Z,33,1,8071,11643.500000000,11644.000000000,11641.750000000,11642.250000000,126,MNQH3
2023-01-18T06:19:00.000000000Z,33,1,8071,11642.500000000,11642.750000000,11640.250000000,11641.250000000,114,MNQH3
2023-01-18T06:20:00.000000000Z,33,1,8071,11641.000000000,11642.000000000,11640.750000000,11641.250000000,55,MNQH3
2023-01-18T06:21:00.000000000Z,33,1,8071,11641.000000000,11641.500000000,11640.500000000,11640.750000000,45,MNQH3
2023-01-18T06:22:00.000000000Z,33,1,8071,11641.000000000,11642.500000000,11640.750000000,11642.500000000,34,MNQH3
2023-01-18T06:23:00.000000000Z,33,1,8071,11642.000000000,11645.250000000,11642.000000000,11644.000000000,106,MNQH3
2023-01-18T06:24:00.000000000Z,33,1,8071,11644.500000000,11647.000000000,11643.750000000,11646.250000000,218,MNQH3
2023-01-18T06:25:00.000000000Z,33,1,8071,11646.000000000,11647.750000000,11646.000000000,11647.000000000,156,MNQH3
2023-01-18T06:26:00.000000000Z,33,1,8071,11647.000000000,11647.500000000,11645.250000000,11645.500000000,96,MNQH3
2023-01-18T06:27:00.000000000Z,33,1,8071,11645.750000000,11647.250000000,11645.500000000,11646.000000000,43,MNQH3
2023-01-18T06:28:00.000000000Z,33,1,8071,11646.000000000,11646.250000000,11644.500000000,11645.500000000,76,MNQH3
2023-01-18T06:29:00.000000000Z,33,1,8071,11645.000000000,11645.500000000,11644.750000000,11645.250000000,55,MNQH3
2023-01-18T06:30:00.000000000Z,33,1,8071,11645.250000000,11646.250000000,11644.250000000,11645.750000000,91,MNQH3
2023-01-18T06:31:00.000000000Z,33,1,8071,11645.500000000,11646.000000000,11644.250000000,11645.250000000,117,MNQH3
2023-01-18T06:32:00.000000000Z,33,1,8071,11645.250000000,11646.750000000,11645.000000000,11646.750000000,71,MNQH3
2023-01-18T06:33:00.000000000Z,33,1,8071,11646.500000000,11648.500000000,11646.000000000,11647.000000000,147,MNQH3
2023-01-18T06:34:00.000000000Z,33,1,8071,11647.250000000,11648.000000000,11645.750000000,11647.250000000,76,MNQH3
2023-01-18T06:35:00.000000000Z,33,1,8071,11647.500000000,11650.250000000,11647.000000000,11649.000000000,302,MNQH3
2023-01-18T06:36:00.000000000Z,33,1,8071,11649.250000000,11653.750000000,11648.500000000,11653.500000000,346,MNQH3
2023-01-18T06:37:00.000000000Z,33,1,8071,11653.250000000,11653.750000000,11651.750000000,11652.750000000,132,MNQH3
2023-01-18T06:38:00.000000000Z,33,1,8071,11653.000000000,11657.000000000,11653.000000000,11656.500000000,409,MNQH3
2023-01-18T06:39:00.000000000Z,33,1,8071,11656.500000000,11656.750000000,11654.750000000,11655.000000000,161,MNQH3
2023-01-18T06:40:00.000000000Z,33,1,8071,11655.000000000,11657.750000000,11654.000000000,11656.750000000,181,MNQH3
2023-01-18T06:41:00.000000000Z,33,1,8071,11656.500000000,11657.750000000,11655.500000000,11657.250000000,156,MNQH3
2023-01-18T06:42:00.000000000Z,33,1,8071,11657.250000000,11658.750000000,11655.750000000,11656.250000000,213,MNQH3
2023-01-18T06:43:00.000000000Z,33,1,8071,11656.000000000,11656.000000000,11650.000000000,11651.250000000,352,MNQH3
2023-01-18T06:44:00.000000000Z,33,1,8071,11651.000000000,11651.750000000,11650.000000000,11651.250000000,87,MNQH3
2023-01-18T06:45:00.000000000Z,33,1,8071,11651.250000000,11652.000000000,11647.750000000,11647.750000000,363,MNQH3
2023-01-18T06:46:00.000000000Z,33,1,8071,11647.750000000,11648.750000000,11647.500000000,11648.250000000,95,MNQH3
2023-01-18T06:47:00.000000000Z,33,1,8071,11648.000000000,11649.000000000,11647.250000000,11648.500000000,85,MNQH3
2023-01-18T06:48:00.000000000Z,33,1,8071,11649.000000000,11649.250000000,11646.000000000,11646.750000000,144,MNQH3
2023-01-18T06:49:00.000000000Z,33,1,8071,11647.000000000,11647.000000000,11645.250000000,11645.500000000,92,MNQH3
2023-01-18T06:50:00.000000000Z,33,1,8071,11645.250000000,11647.000000000,11644.750000000,11645.750000000,101,MNQH3
2023-01-18T06:51:00.000000000Z,33,1,8071,11646.000000000,11646.000000000,11644.250000000,11645.000000000,96,MNQH3
2023-01-18T06:52:00.000000000Z,33,1,8071,11645.250000000,11647.000000000,11642.000000000,11646.500000000,183,MNQH3
2023-01-18T06:53:00.000000000Z,33,1,8071,11646.750000000,11646.750000000,11645.000000000,11645.500000000,84,MNQH3
2023-01-18T06:54:00.000000000Z,33,1,8071,11645.500000000,11647.250000000,11645.500000000,11647.250000000,82,MNQH3
2023-01-18T06:55:00.000000000Z,33,1,8071,11647.000000000,11648.250000000,11646.500000000,11648.250000000,64,MNQH3
2023-01-18T06:56:00.000000000Z,33,1,8071,11648.250000000,11651.000000000,11647.750000000,11649.750000000,192,MNQH3
2023-01-18T06:57:00.000000000Z,33,1,8071,11649.750000000,11651.750000000,11649.000000000,11651.500000000,90,MNQH3
2023-01-18T06:58:00.000000000Z,33,1,8071,11651.250000000,11653.250000000,11651.000000000,11651.750000000,135,MNQH3
2023-01-18T06:59:00.000000000Z,33,1,8071,11651.250000000,11654.750000000,11651.250000000,11654.250000000,211,MNQH3
2023-01-18T07:00:00.000000000Z,33,1,8071,11654.500000000,11661.500000000,11652.250000000,11660.500000000,695,MNQH3
2023-01-18T07:01:00.000000000Z,33,1,8071,11660.750000000,11662.250000000,11657.000000000,11658.000000000,436,MNQH3
2023-01-18T07:02:00.000000000Z,33,1,8071,11658.000000000,11658.500000000,11654.750000000,11656.250000000,311,MNQH3
2023-01-18T07:03:00.000000000Z,33,1,8071,11656.000000000,11656.250000000,11652.000000000,11654.750000000,325,MNQH3
2023-01-18T07:04:00.000000000Z,33,1,8071,11654.250000000,11657.500000000,11652.750000000,11654.750000000,187,MNQH3
2023-01-18T07:05:00.000000000Z,33,1,8071,11654.750000000,11654.750000000,11651.500000000,11653.250000000,192,MNQH3
2023-01-18T07:06:00.000000000Z,33,1,8071,11653.500000000,11654.750000000,11652.000000000,11652.750000000,173,MNQH3
2023-01-18T07:07:00.000000000Z,33,1,8071,11652.250000000,11653.500000000,11651.000000000,11653.250000000,162,MNQH3
2023-01-18T07:08:00.000000000Z,33,1,8071,11653.000000000,11655.500000000,11651.750000000,11652.750000000,127,MNQH3
2023-01-18T07:09:00.000000000Z,33,1,8071,11653.000000000,11654.000000000,11652.000000000,11652.750000000,74,MNQH3
2023-01-18T07:10:00.000000000Z,33,1,8071,11652.500000000,11656.750000000,11652.250000000,11653.000000000,177,MNQH3
2023-01-18T07:11:00.000000000Z,33,1,8071,11653.250000000,11654.250000000,11652.250000000,11653.000000000,80,MNQH3
2023-01-18T07:12:00.000000000Z,33,1,8071,11652.750000000,11657.750000000,11652.000000000,11657.000000000,214,MNQH3
2023-01-18T07:13:00.000000000Z,33,1,8071,11656.750000000,11658.250000000,11655.750000000,11657.250000000,179,MNQH3
2023-01-18T07:14:00.000000000Z,33,1,8071,11657.500000000,11659.500000000,11657.000000000,11659.250000000,191,MNQH3
2023-01-18T07:15:00.000000000Z,33,1,8071,11659.000000000,11659.500000000,11656.000000000,11656.250000000,121,MNQH3
2023-01-18T07:16:00.000000000Z,33,1,8071,11656.500000000,11658.000000000,11655.500000000,11656.500000000,132,MNQH3
2023-01-18T07:17:00.000000000Z,33,1,8071,11656.750000000,11657.000000000,11654.750000000,11656.000000000,125,MNQH3
2023-01-18T07:18:00.000000000Z,33,1,8071,11656.000000000,11656.000000000,11653.500000000,11654.000000000,90,MNQH3
2023-01-18T07:19:00.000000000Z,33,1,8071,11654.500000000,11656.250000000,11653.000000000,11654.000000000,123,MNQH3
2023-01-18T07:20:00.000000000Z,33,1,8071,11654.000000000,11654.750000000,11653.000000000,11653.750000000,75,MNQH3
2023-01-18T07:21:00.000000000Z,33,1,8071,11654.000000000,11655.000000000,11653.750000000,11653.750000000,41,MNQH3
2023-01-18T07:22:00.000000000Z,33,1,8071,11654.500000000,11656.750000000,11654.250000000,11655.750000000,89,MNQH3
2023-01-18T07:23:00.000000000Z,33,1,8071,11656.000000000,11656.250000000,11654.500000000,11655.500000000,51,MNQH3
2023-01-18T07:24:00.000000000Z,33,1,8071,11655.750000000,11656.250000000,11654.000000000,11655.250000000,67,MNQH3
2023-01-18T07:25:00.000000000Z,33,1,8071,11655.250000000,11656.500000000,11653.000000000,11656.000000000,162,MNQH3
2023-01-18T07:26:00.000000000Z,33,1,8071,11655.750000000,11659.000000000,11655.250000000,11657.750000000,192,MNQH3
2023-01-18T07:27:00.000000000Z,33,1,8071,11657.500000000,11658.250000000,11655.500000000,11657.500000000,175,MNQH3
2023-01-18T07:28:00.000000000Z,33,1,8071,11658.000000000,11659.000000000,11657.250000000,11658.000000000,165,MNQH3
2023-01-18T07:29:00.000000000Z,33,1,8071,11657.250000000,11657.750000000,11652.000000000,11653.000000000,157,MNQH3
2023-01-18T07:30:00.000000000Z,33,1,8071,11653.000000000,11653.000000000,11649.500000000,11651.250000000,321,MNQH3
2023-01-18T07:31:00.000000000Z,33,1,8071,11651.000000000,11653.500000000,11650.500000000,11651.250000000,204,MNQH3
2023-01-18T07:32:00.000000000Z,33,1,8071,11651.250000000,11653.250000000,11650.750000000,11652.250000000,116,MNQH3
2023-01-18T07:33:00.000000000Z,33,1,8071,11652.750000000,11653.250000000,11650.000000000,11652.250000000,116,MNQH3
2023-01-18T07:34:00.000000000Z,33,1,8071,11652.500000000,11655.500000000,11652.000000000,11655.000000000,103,MNQH3
2023-01-18T07:35:00.000000000Z,33,1,8071,11655.500000000,11658.000000000,11654.250000000,11657.750000000,144,MNQH3
2023-01-18T07:36:00.000000000Z,33,1,8071,11657.250000000,11659.750000000,11657.000000000,11658.750000000,224,MNQH3
2023-01-18T07:37:00.000000000Z,33,1,8071,11658.250000000,11660.250000000,11656.250000000,11659.750000000,202,MNQH3
2023-01-18T07:38:00.000000000Z,33,1,8071,11660.000000000,11660.250000000,11655.750000000,11656.000000000,148,MNQH3
2023-01-18T07:39:00.000000000Z,33,1,8071,11655.750000000,11656.750000000,11652.500000000,11652.750000000,188,MNQH3
2023-01-18T07:40:00.000000000Z,33,1,8071,11652.750000000,11653.250000000,11651.000000000,11652.250000000,152,MNQH3
2023-01-18T07:41:00.000000000Z,33,1,8071,11652.750000000,11654.250000000,11651.000000000,11653.500000000,113,MNQH3
2023-01-18T07:42:00.000000000Z,33,1,8071,11653.500000000,11655.500000000,11647.500000000,11649.750000000,367,MNQH3
2023-01-18T07:43:00.000000000Z,33,1,8071,11650.250000000,11650.500000000,11643.500000000,11644.250000000,585,MNQH3
2023-01-18T07:44:00.000000000Z,33,1,8071,11644.000000000,11644.250000000,11637.750000000,11638.250000000,739,MNQH3
2023-01-18T07:45:00.000000000Z,33,1,8071,11638.500000000,11640.000000000,11635.750000000,11637.500000000,548,MNQH3
2023-01-18T07:46:00.000000000Z,33,1,8071,11637.000000000,11644.000000000,11637.000000000,11643.000000000,352,MNQH3
2023-01-18T07:47:00.000000000Z,33,1,8071,11642.500000000,11642.500000000,11638.000000000,11638.250000000,256,MNQH3
2023-01-18T07:48:00.000000000Z,33,1,8071,11638.000000000,11641.000000000,11637.750000000,11639.250000000,208,MNQH3
2023-01-18T07:49:00.000000000Z,33,1,8071,11639.500000000,11642.500000000,11639.250000000,11641.250000000,151,MNQH3
2023-01-18T07:50:00.000000000Z,33,1,8071,11641.000000000,11644.000000000,11640.000000000,11642.500000000,159,MNQH3
2023-01-18T07:51:00.000000000Z,33,1,8071,11642.750000000,11643.000000000,11639.500000000,11642.500000000,172,MNQH3
2023-01-18T07:52:00.000000000Z,33,1,8071,11642.500000000,11645.000000000,11642.000000000,11645.000000000,105,MNQH3
2023-01-18T07:53:00.000000000Z,33,1,8071,11644.500000000,11646.500000000,11643.250000000,11645.500000000,180,MNQH3
2023-01-18T07:54:00.000000000Z,33,1,8071,11645.750000000,11650.000000000,11645.500000000,11649.250000000,365,MNQH3
2023-01-18T07:55:00.000000000Z,33,1,8071,11649.000000000,11649.250000000,11646.000000000,11648.500000000,349,MNQH3
2023-01-18T07:56:00.000000000Z,33,1,8071,11648.000000000,11652.500000000,11647.250000000,11650.500000000,382,MNQH3
2023-01-18T07:57:00.000000000Z,33,1,8071,11650.750000000,11652.250000000,11648.750000000,11650.000000000,213,MNQH3
2023-01-18T07:58:00.000000000Z,33,1,8071,11649.500000000,11650.000000000,11646.250000000,11647.500000000,194,MNQH3
2023-01-18T07:59:00.000000000Z,33,1,8071,11647.000000000,11649.250000000,11646.250000000,11648.250000000,157,MNQH3
2023-01-18T08:00:00.000000000Z,33,1,8071,11648.250000000,11651.750000000,11646.000000000,11649.000000000,414,MNQH3
2023-01-18T08:01:00.000000000Z,33,1,8071,11648.250000000,11651.000000000,11645.000000000,11648.250000000,318,MNQH3
2023-01-18T08:02:00.000000000Z,33,1,8071,11648.500000000,11650.500000000,11647.500000000,11648.750000000,252,MNQH3
2023-01-18T08:03:00.000000000Z,33,1,8071,11648.750000000,11649.250000000,11644.000000000,11647.250000000,290,MNQH3
2023-01-18T08:04:00.000000000Z,33,1,8071,11647.000000000,11649.750000000,11644.500000000,11648.750000000,213,MNQH3
2023-01-18T08:05:00.000000000Z,33,1,8071,11648.500000000,11649.750000000,11644.500000000,11647.500000000,169,MNQH3
2023-01-18T08:06:00.000000000Z,33,1,8071,11646.750000000,11647.500000000,11645.000000000,11645.000000000,158,MNQH3
2023-01-18T08:07:00.000000000Z,33,1,8071,11644.250000000,11647.000000000,11642.750000000,11644.500000000,311,MNQH3
2023-01-18T08:08:00.000000000Z,33,1,8071,11644.750000000,11650.750000000,11644.750000000,11649.250000000,380,MNQH3
2023-01-18T08:09:00.000000000Z,33,1,8071,11649.750000000,11657.250000000,11649.750000000,11654.750000000,703,MNQH3
2023-01-18T08:10:00.000000000Z,33,1,8071,11654.750000000,11658.750000000,11654.750000000,11658.500000000,382,MNQH3
2023-01-18T08:11:00.000000000Z,33,1,8071,11658.500000000,11659.750000000,11657.000000000,11659.000000000,556,MNQH3
2023-01-18T08:12:00.000000000Z,33,1,8071,11658.750000000,11659.250000000,11654.500000000,11655.500000000,333,MNQH3
2023-01-18T08:13:00.000000000Z,33,1,8071,11655.750000000,11659.000000000,11655.500000000,11657.750000000,238,MNQH3
2023-01-18T08:14:00.000000000Z,33,1,8071,11657.750000000,11662.250000000,11657.250000000,11660.750000000,682,MNQH3
2023-01-18T08:15:00.000000000Z,33,1,8071,11660.500000000,11662.000000000,11656.250000000,11658.750000000,371,MNQH3
2023-01-18T08:16:00.000000000Z,33,1,8071,11658.000000000,11661.000000000,11656.000000000,11657.500000000,358,MNQH3
2023-01-18T08:17:00.000000000Z,33,1,8071,11658.000000000,11660.250000000,11655.750000000,11655.750000000,307,MNQH3
2023-01-18T08:18:00.000000000Z,33,1,8071,11656.250000000,11657.750000000,11655.000000000,11655.250000000,181,MNQH3
2023-01-18T08:19:00.000000000Z,33,1,8071,11655.250000000,11656.500000000,11647.500000000,11648.250000000,748,MNQH3
2023-01-18T08:20:00.000000000Z,33,1,8071,11648.500000000,11649.750000000,11641.500000000,11643.750000000,708,MNQH3
2023-01-18T08:21:00.000000000Z,33,1,8071,11644.000000000,11645.250000000,11636.500000000,11637.500000000,630,MNQH3
2023-01-18T08:22:00.000000000Z,33,1,8071,11637.250000000,11639.500000000,11635.250000000,11639.500000000,555,MNQH3
2023-01-18T08:23:00.000000000Z,33,1,8071,11639.250000000,11639.250000000,11635.500000000,11638.250000000,231,MNQH3
2023-01-18T08:24:00.000000000Z,33,1,8071,11638.000000000,11638.500000000,11633.250000000,11634.250000000,400,MNQH3
2023-01-18T08:25:00.000000000Z,33,1,8071,11634.000000000,11635.000000000,11630.250000000,11632.750000000,646,MNQH3
2023-01-18T08:26:00.000000000Z,33,1,8071,11633.000000000,11633.250000000,11627.750000000,11630.500000000,576,MNQH3
2023-01-18T08:27:00.000000000Z,33,1,8071,11630.500000000,11632.000000000,11626.000000000,11627.250000000,555,MNQH3
2023-01-18T08:28:00.000000000Z,33,1,8071,11627.750000000,11629.250000000,11625.750000000,11626.500000000,389,MNQH3
2023-01-18T08:29:00.000000000Z,33,1,8071,11626.250000000,11631.000000000,11626.000000000,11629.750000000,597,MNQH3
2023-01-18T08:30:00.000000000Z,33,1,8071,11630.000000000,11631.500000000,11628.750000000,11628.750000000,355,MNQH3
2023-01-18T08:31:00.000000000Z,33,1,8071,11628.500000000,11628.500000000,11623.000000000,11626.500000000,653,MNQH3
2023-01-18T08:32:00.000000000Z,33,1,8071,11626.000000000,11630.500000000,11623.500000000,11623.750000000,432,MNQH3
2023-01-18T08:33:00.000000000Z,33,1,8071,11623.750000000,11629.000000000,11622.750000000,11624.000000000,347,MNQH3
2023-01-18T08:34:00.000000000Z,33,1,8071,11624.500000000,11625.500000000,11620.000000000,11621.500000000,661,MNQH3
2023-01-18T08:35:00.000000000Z,33,1,8071,11621.250000000,11622.750000000,11618.750000000,11621.250000000,434,MNQH3
2023-01-18T08:36:00.000000000Z,33,1,8071,11622.250000000,11622.250000000,11614.000000000,11618.000000000,791,MNQH3
2023-01-18T08:37:00.000000000Z,33,1,8071,11618.500000000,11621.000000000,11617.500000000,11618.000000000,386,MNQH3
2023-01-18T08:38:00.000000000Z,33,1,8071,11618.000000000,11618.500000000,11614.750000000,11617.250000000,299,MNQH3
2023-01-18T08:39:00.000000000Z,33,1,8071,11617.250000000,11622.250000000,11616.000000000,11621.500000000,335,MNQH3
2023-01-18T08:40:00.000000000Z,33,1,8071,11621.000000000,11622.000000000,11616.750000000,11621.000000000,266,MNQH3
2023-01-18T08:41:00.000000000Z,33,1,8071,11620.750000000,11622.000000000,11618.250000000,11620.250000000,291,MNQH3
2023-01-18T08:42:00.000000000Z,33,1,8071,11620.500000000,11620.750000000,11615.250000000,11617.500000000,261,MNQH3
2023-01-18T08:43:00.000000000Z,33,1,8071,11616.750000000,11621.750000000,11616.000000000,11621.500000000,204,MNQH3
2023-01-18T08:44:00.000000000Z,33,1,8071,11621.750000000,11622.750000000,11619.250000000,11621.500000000,225,MNQH3
2023-01-18T08:45:00.000000000Z,33,1,8071,11621.500000000,11623.750000000,11619.000000000,11619.750000000,276,MNQH3
2023-01-18T08:46:00.000000000Z,33,1,8071,11619.500000000,11621.250000000,11617.500000000,11618.750000000,195,MNQH3
2023-01-18T08:47:00.000000000Z,33,1,8071,11618.250000000,11620.250000000,11617.500000000,11619.500000000,155,MNQH3
2023-01-18T08:48:00.000000000Z,33,1,8071,11619.750000000,11621.500000000,11619.250000000,11620.250000000,133,MNQH3
2023-01-18T08:49:00.000000000Z,33,1,8071,11619.750000000,11623.750000000,11619.500000000,11621.000000000,212,MNQH3
2023-01-18T08:50:00.000000000Z,33,1,8071,11620.500000000,11622.250000000,11619.000000000,11621.250000000,205,MNQH3
2023-01-18T08:51:00.000000000Z,33,1,8071,11622.000000000,11628.250000000,11622.000000000,11627.250000000,534,MNQH3
2023-01-18T08:52:00.000000000Z,33,1,8071,11627.000000000,11630.500000000,11626.250000000,11630.000000000,507,MNQH3
2023-01-18T08:53:00.000000000Z,33,1,8071,11630.250000000,11631.750000000,11628.250000000,11631.500000000,286,MNQH3
2023-01-18T08:54:00.000000000Z,33,1,8071,11631.000000000,11631.750000000,11628.750000000,11629.250000000,323,MNQH3
2023-01-18T08:55:00.000000000Z,33,1,8071,11629.500000000,11633.750000000,11629.500000000,11632.750000000,311,MNQH3
2023-01-18T08:56:00.000000000Z,33,1,8071,11632.500000000,11635.000000000,11632.000000000,11633.500000000,377,MNQH3
2023-01-18T08:57:00.000000000Z,33,1,8071,11634.000000000,11634.750000000,11632.750000000,11633.750000000,273,MNQH3
2023-01-18T08:58:00.000000000Z,33,1,8071,11633.500000000,11634.750000000,11632.250000000,11634.000000000,266,MNQH3
2023-01-18T08:59:00.000000000Z,33,1,8071,11634.250000000,11635.000000000,11631.250000000,11635.000000000,333,MNQH3
2023-01-18T09:00:00.000000000Z,33,1,8071,11635.000000000,11637.500000000,11633.500000000,11637.250000000,582,MNQH3
2023-01-18T09:01:00.000000000Z,33,1,8071,11637.000000000,11637.000000000,11631.000000000,11634.250000000,481,MNQH3
2023-01-18T09:02:00.000000000Z,33,1,8071,11634.250000000,11637.000000000,11632.250000000,11636.250000000,268,MNQH3
2023-01-18T09:03:00.000000000Z,33,1,8071,11636.250000000,11638.000000000,11635.250000000,11637.500000000,234,MNQH3
2023-01-18T09:04:00.000000000Z,33,1,8071,11636.750000000,11636.750000000,11629.500000000,11630.000000000,354,MNQH3
2023-01-18T09:05:00.000000000Z,33,1,8071,11630.250000000,11632.750000000,11629.750000000,11632.500000000,215,MNQH3
2023-01-18T09:06:00.000000000Z,33,1,8071,11632.000000000,11633.250000000,11626.750000000,11628.000000000,366,MNQH3
2023-01-18T09:07:00.000000000Z,33,1,8071,11627.750000000,11630.000000000,11627.500000000,11629.000000000,272,MNQH3
2023-01-18T09:08:00.000000000Z,33,1,8071,11629.000000000,11630.750000000,11627.250000000,11629.000000000,344,MNQH3
2023-01-18T09:09:00.000000000Z,33,1,8071,11629.250000000,11633.750000000,11629.250000000,11633.250000000,338,MNQH3
2023-01-18T09:10:00.000000000Z,33,1,8071,11633.000000000,11634.500000000,11631.250000000,11633.500000000,163,MNQH3
2023-01-18T09:11:00.000000000Z,33,1,8071,11633.250000000,11634.750000000,11630.500000000,11631.250000000,166,MNQH3
2023-01-18T09:12:00.000000000Z,33,1,8071,11630.750000000,11632.500000000,11627.250000000,11631.000000000,221,MNQH3
2023-01-18T09:13:00.000000000Z,33,1,8071,11630.500000000,11631.250000000,11628.750000000,11630.250000000,77,MNQH3
2023-01-18T09:14:00.000000000Z,33,1,8071,11630.250000000,11633.000000000,11629.000000000,11632.250000000,95,MNQH3
2023-01-18T09:15:00.000000000Z,33,1,8071,11632.500000000,11634.500000000,11632.000000000,11632.750000000,117,MNQH3
2023-01-18T09:16:00.000000000Z,33,1,8071,11632.250000000,11633.250000000,11630.500000000,11631.500000000,119,MNQH3
2023-01-18T09:17:00.000000000Z,33,1,8071,11631.250000000,11633.750000000,11631.000000000,11633.250000000,143,MNQH3
2023-01-18T09:18:00.000000000Z,33,1,8071,11633.500000000,11639.250000000,11633.500000000,11638.500000000,419,MNQH3
2023-01-18T09:19:00.000000000Z,33,1,8071,11638.000000000,11639.250000000,11637.250000000,11638.000000000,261,MNQH3
2023-01-18T09:20:00.000000000Z,33,1,8071,11638.250000000,11639.500000000,11636.750000000,11637.500000000,232,MNQH3
2023-01-18T09:21:00.000000000Z,33,1,8071,11637.500000000,11640.000000000,11637.000000000,11637.750000000,248,MNQH3
2023-01-18T09:22:00.000000000Z,33,1,8071,11638.000000000,11638.000000000,11635.500000000,11636.750000000,229,MNQH3
2023-01-18T09:23:00.000000000Z,33,1,8071,11637.000000000,11639.000000000,11636.750000000,11638.250000000,162,MNQH3
2023-01-18T09:24:00.000000000Z,33,1,8071,11638.500000000,11641.500000000,11637.500000000,11639.750000000,292,MNQH3
2023-01-18T09:25:00.000000000Z,33,1,8071,11640.000000000,11641.000000000,11638.000000000,11640.750000000,258,MNQH3
2023-01-18T09:26:00.000000000Z,33,1,8071,11640.500000000,11641.750000000,11638.250000000,11638.500000000,116,MNQH3
2023-01-18T09:27:00.000000000Z,33,1,8071,11638.250000000,11639.000000000,11634.750000000,11635.750000000,271,MNQH3
2023-01-18T09:28:00.000000000Z,33,1,8071,11636.250000000,11636.250000000,11632.000000000,11632.750000000,261,MNQH3
2023-01-18T09:29:00.000000000Z,33,1,8071,11633.000000000,11633.000000000,11631.000000000,11631.000000000,193,MNQH3
2023-01-18T09:30:00.000000000Z,33,1,8071,11631.250000000,11632.750000000,11630.000000000,11630.000000000,219,MNQH3
2023-01-18T09:31:00.000000000Z,33,1,8071,11629.750000000,11630.250000000,11628.000000000,11628.500000000,213,MNQH3
2023-01-18T09:32:00.000000000Z,33,1,8071,11628.750000000,11630.000000000,11627.500000000,11628.000000000,136,MNQH3
2023-01-18T09:33:00.000000000Z,33,1,8071,11628.000000000,11632.000000000,11627.500000000,11629.250000000,166,MNQH3
2023-01-18T09:34:00.000000000Z,33,1,8071,11629.500000000,11630.000000000,11626.500000000,11627.750000000,239,MNQH3
2023-01-18T09:35:00.000000000Z,33,1,8071,11627.750000000,11631.500000000,11625.000000000,11625.500000000,350,MNQH3
2023-01-18T09:36:00.000000000Z,33,1,8071,11625.500000000,11628.000000000,11623.500000000,11627.750000000,326,MNQH3
2023-01-18T09:37:00.000000000Z,33,1,8071,11627.250000000,11629.500000000,11626.500000000,11626.750000000,149,MNQH3
2023-01-18T09:38:00.000000000Z,33,1,8071,11626.500000000,11628.500000000,11625.750000000,11625.750000000,125,MNQH3
2023-01-18T09:39:00.000000000Z,33,1,8071,11625.500000000,11628.000000000,11624.750000000,11625.500000000,143,MNQH3
2023-01-18T09:40:00.000000000Z,33,1,8071,11625.500000000,11627.500000000,11624.000000000,11626.000000000,122,MNQH3
2023-01-18T09:41:00.000000000Z,33,1,8071,11626.250000000,11628.750000000,11625.250000000,11626.000000000,155,MNQH3
2023-01-18T09:42:00.000000000Z,33,1,8071,11625.750000000,11627.250000000,11625.500000000,11626.500000000,73,MNQH3
2023-01-18T09:43:00.000000000Z,33,1,8071,11627.000000000,11627.500000000,11625.500000000,11626.750000000,112,MNQH3
2023-01-18T09:44:00.000000000Z,33,1,8071,11626.250000000,11627.250000000,11625.250000000,11626.250000000,89,MNQH3
2023-01-18T09:45:00.000000000Z,33,1,8071,11626.000000000,11626.250000000,11624.000000000,11624.000000000,193,MNQH3
2023-01-18T09:46:00.000000000Z,33,1,8071,11623.750000000,11623.750000000,11619.500000000,11620.250000000,439,MNQH3
2023-01-18T09:47:00.000000000Z,33,1,8071,11620.000000000,11623.250000000,11620.000000000,11622.000000000,198,MNQH3
2023-01-18T09:48:00.000000000Z,33,1,8071,11621.750000000,11625.250000000,11621.500000000,11625.250000000,185,MNQH3
2023-01-18T09:49:00.000000000Z,33,1,8071,11625.500000000,11630.750000000,11625.000000000,11630.250000000,320,MNQH3
2023-01-18T09:50:00.000000000Z,33,1,8071,11630.000000000,11631.000000000,11628.250000000,11630.500000000,291,MNQH3
2023-01-18T09:51:00.000000000Z,33,1,8071,11630.250000000,11631.500000000,11627.250000000,11630.500000000,202,MNQH3
2023-01-18T09:52:00.000000000Z,33,1,8071,11630.750000000,11631.500000000,11629.250000000,11630.500000000,165,MNQH3
2023-01-18T09:53:00.000000000Z,33,1,8071,11630.500000000,11632.250000000,11630.250000000,11630.750000000,136,MNQH3
2023-01-18T09:54:00.000000000Z,33,1,8071,11630.500000000,11631.750000000,11629.500000000,11631.250000000,76,MNQH3
2023-01-18T09:55:00.000000000Z,33,1,8071,11631.500000000,11633.500000000,11631.500000000,11632.250000000,160,MNQH3
2023-01-18T09:56:00.000000000Z,33,1,8071,11632.250000000,11632.750000000,11630.500000000,11630.750000000,63,MNQH3
2023-01-18T09:57:00.000000000Z,33,1,8071,11630.750000000,11633.000000000,11630.250000000,11632.000000000,128,MNQH3
2023-01-18T09:58:00.000000000Z,33,1,8071,11632.000000000,11634.000000000,11632.000000000,11633.250000000,142,MNQH3
2023-01-18T09:59:00.000000000Z,33,1,8071,11633.000000000,11633.500000000,11630.500000000,11631.000000000,95,MNQH3
2023-01-18T10:00:00.000000000Z,33,1,8071,11630.750000000,11630.750000000,11625.250000000,11625.750000000,316,MNQH3
2023-01-18T10:01:00.000000000Z,33,1,8071,11626.250000000,11628.250000000,11625.750000000,11627.000000000,148,MNQH3
2023-01-18T10:02:00.000000000Z,33,1,8071,11627.000000000,11628.500000000,11625.500000000,11627.750000000,106,MNQH3
2023-01-18T10:03:00.000000000Z,33,1,8071,11627.500000000,11631.750000000,11627.000000000,11630.500000000,172,MNQH3
2023-01-18T10:04:00.000000000Z,33,1,8071,11630.500000000,11632.000000000,11629.000000000,11631.250000000,159,MNQH3
2023-01-18T10:05:00.000000000Z,33,1,8071,11631.000000000,11631.500000000,11629.750000000,11630.250000000,86,MNQH3
2023-01-18T10:06:00.000000000Z,33,1,8071,11630.500000000,11631.750000000,11629.000000000,11629.000000000,73,MNQH3
2023-01-18T10:07:00.000000000Z,33,1,8071,11628.750000000,11629.750000000,11627.000000000,11629.750000000,149,MNQH3
2023-01-18T10:08:00.000000000Z,33,1,8071,11629.250000000,11630.750000000,11628.250000000,11630.250000000,115,MNQH3
2023-01-18T10:09:00.000000000Z,33,1,8071,11630.250000000,11632.500000000,11630.250000000,11631.750000000,145,MNQH3
2023-01-18T10:10:00.000000000Z,33,1,8071,11631.750000000,11632.000000000,11630.750000000,11632.000000000,68,MNQH3
2023-01-18T10:11:00.000000000Z,33,1,8071,11631.750000000,11631.750000000,11626.750000000,11628.250000000,168,MNQH3
2023-01-18T10:12:00.000000000Z,33,1,8071,11628.000000000,11628.500000000,11626.500000000,11626.750000000,132,MNQH3
2023-01-18T10:13:00.000000000Z,33,1,8071,11627.500000000,11629.000000000,11625.250000000,11628.750000000,197,MNQH3
2023-01-18T10:14:00.000000000Z,33,1,8071,11628.250000000,11629.500000000,11626.250000000,11629.500000000,103,MNQH3
2023-01-18T10:15:00.000000000Z,33,1,8071,11629.250000000,11631.250000000,11628.750000000,11630.250000000,164,MNQH3
2023-01-18T10:16:00.000000000Z,33,1,8071,11630.750000000,11633.750000000,11630.750000000,11632.500000000,201,MNQH3
2023-01-18T10:17:00.000000000Z,33,1,8071,11632.500000000,11633.000000000,11630.250000000,11631.750000000,131,MNQH3
2023-01-18T10:18:00.000000000Z,33,1,8071,11631.250000000,11631.250000000,11627.750000000,11628.250000000,173,MNQH3
2023-01-18T10:19:00.000000000Z,33,1,8071,11628.750000000,11630.500000000,11627.250000000,11628.750000000,146,MNQH3
2023-01-18T10:20:00.000000000Z,33,1,8071,11629.250000000,11629.750000000,11626.000000000,11627.250000000,90,MNQH3
2023-01-18T10:21:00.000000000Z,33,1,8071,11627.500000000,11628.250000000,11625.250000000,11627.250000000,165,MNQH3
2023-01-18T10:22:00.000000000Z,33,1,8071,11626.500000000,11627.500000000,11625.250000000,11626.750000000,102,MNQH3
2023-01-18T10:23:00.000000000Z,33,1,8071,11626.750000000,11630.750000000,11626.500000000,11629.000000000,150,MNQH3
2023-01-18T10:24:00.000000000Z,33,1,8071,11629.000000000,11630.250000000,11628.000000000,11630.250000000,93,MNQH3
2023-01-18T10:25:00.000000000Z,33,1,8071,11630.000000000,11630.250000000,11628.750000000,11629.500000000,54,MNQH3
2023-01-18T10:26:00.000000000Z,33,1,8071,11629.000000000,11629.000000000,11625.750000000,11626.500000000,139,MNQH3
2023-01-18T10:27:00.000000000Z,33,1,8071,11626.500000000,11626.500000000,11620.500000000,11623.250000000,434,MNQH3
2023-01-18T10:28:00.000000000Z,33,1,8071,11623.000000000,11624.500000000,11620.750000000,11620.750000000,244,MNQH3
2023-01-18T10:29:00.000000000Z,33,1,8071,11621.000000000,11623.750000000,11621.000000000,11621.500000000,126,MNQH3
2023-01-18T10:30:00.000000000Z,33,1,8071,11621.750000000,11623.750000000,11621.750000000,11622.500000000,150,MNQH3
2023-01-18T10:31:00.000000000Z,33,1,8071,11622.750000000,11623.000000000,11616.500000000,11617.250000000,339,MNQH3
2023-01-18T10:32:00.000000000Z,33,1,8071,11617.750000000,11619.000000000,11615.000000000,11616.000000000,313,MNQH3
2023-01-18T10:33:00.000000000Z,33,1,8071,11616.000000000,11617.750000000,11613.750000000,11617.250000000,386,MNQH3
2023-01-18T10:34:00.000000000Z,33,1,8071,11617.250000000,11619.250000000,11616.000000000,11616.500000000,244,MNQH3
2023-01-18T10:35:00.000000000Z,33,1,8071,11616.750000000,11617.000000000,11614.500000000,11614.750000000,206,MNQH3
2023-01-18T10:36:00.000000000Z,33,1,8071,11614.750000000,11617.750000000,11614.500000000,11617.750000000,118,MNQH3
2023-01-18T10:37:00.000000000Z,33,1,8071,11617.750000000,11621.000000000,11617.500000000,11620.750000000,209,MNQH3
2023-01-18T10:38:00.000000000Z,33,1,8071,11621.000000000,11625.750000000,11621.000000000,11624.750000000,468,MNQH3
2023-01-18T10:39:00.000000000Z,33,1,8071,11625.250000000,11625.750000000,11623.250000000,11624.250000000,236,MNQH3
2023-01-18T10:40:00.000000000Z,33,1,8071,11624.250000000,11625.750000000,11623.250000000,11625.000000000,198,MNQH3
2023-01-18T10:41:00.000000000Z,33,1,8071,11625.500000000,11627.500000000,11624.500000000,11626.750000000,220,MNQH3
2023-01-18T10:42:00.000000000Z,33,1,8071,11627.000000000,11627.000000000,11624.500000000,11625.750000000,114,MNQH3
2023-01-18T10:43:00.000000000Z,33,1,8071,11625.750000000,11628.000000000,11625.500000000,11626.750000000,134,MNQH3
2023-01-18T10:44:00.000000000Z,33,1,8071,11627.000000000,11629.750000000,11626.750000000,11627.000000000,182,MNQH3
2023-01-18T10:45:00.000000000Z,33,1,8071,11627.250000000,11629.000000000,11627.250000000,11628.000000000,97,MNQH3
2023-01-18T10:46:00.000000000Z,33,1,8071,11628.000000000,11636.500000000,11627.000000000,11635.750000000,630,MNQH3
2023-01-18T10:47:00.000000000Z,33,1,8071,11635.750000000,11637.750000000,11634.750000000,11636.500000000,464,MNQH3
2023-01-18T10:48:00.000000000Z,33,1,8071,11636.000000000,11637.750000000,11634.750000000,11636.000000000,243,MNQH3
2023-01-18T10:49:00.000000000Z,33,1,8071,11635.750000000,11637.750000000,11635.000000000,11636.500000000,258,MNQH3
2023-01-18T10:50:00.000000000Z,33,1,8071,11637.000000000,11637.500000000,11635.250000000,11636.750000000,134,MNQH3
2023-01-18T10:51:00.000000000Z,33,1,8071,11636.750000000,11638.000000000,11634.750000000,11635.500000000,204,MNQH3
2023-01-18T10:52:00.000000000Z,33,1,8071,11635.750000000,11638.000000000,11635.000000000,11637.000000000,220,MNQH3
2023-01-18T10:53:00.000000000Z,33,1,8071,11636.750000000,11638.500000000,11636.250000000,11638.000000000,127,MNQH3
2023-01-18T10:54:00.000000000Z,33,1,8071,11638.000000000,11640.250000000,11637.750000000,11639.750000000,332,MNQH3
2023-01-18T10:55:00.000000000Z,33,1,8071,11639.500000000,11646.000000000,11639.500000000,11645.250000000,577,MNQH3
2023-01-18T10:56:00.000000000Z,33,1,8071,11645.250000000,11645.500000000,11641.750000000,11642.250000000,373,MNQH3
2023-01-18T10:57:00.000000000Z,33,1,8071,11642.000000000,11643.500000000,11639.500000000,11639.750000000,264,MNQH3
2023-01-18T10:58:00.000000000Z,33,1,8071,11640.000000000,11640.750000000,11637.750000000,11638.000000000,237,MNQH3
2023-01-18T10:59:00.000000000Z,33,1,8071,11637.750000000,11638.750000000,11637.000000000,11637.500000000,154,MNQH3
2023-01-18T11:00:00.000000000Z,33,1,8071,11638.000000000,11638.500000000,11636.500000000,11637.750000000,243,MNQH3
2023-01-18T11:01:00.000000000Z,33,1,8071,11638.000000000,11641.250000000,11638.000000000,11638.250000000,169,MNQH3
2023-01-18T11:02:00.000000000Z,33,1,8071,11638.750000000,11639.500000000,11638.250000000,11638.500000000,134,MNQH3
2023-01-18T11:03:00.000000000Z,33,1,8071,11638.500000000,11639.250000000,11637.250000000,11638.000000000,136,MNQH3
2023-01-18T11:04:00.000000000Z,33,1,8071,11638.250000000,11639.750000000,11638.000000000,11639.250000000,174,MNQH3
2023-01-18T11:05:00.000000000Z,33,1,8071,11639.500000000,11639.500000000,11633.500000000,11639.000000000,330,MNQH3
2023-01-18T11:06:00.000000000Z,33,1,8071,11638.750000000,11640.000000000,11637.500000000,11639.750000000,107,MNQH3
2023-01-18T11:07:00.000000000Z,33,1,8071,11639.750000000,11640.250000000,11638.750000000,11639.500000000,135,MNQH3
2023-01-18T11:08:00.000000000Z,33,1,8071,11639.250000000,11643.000000000,11638.750000000,11641.750000000,183,MNQH3
2023-01-18T11:09:00.000000000Z,33,1,8071,11641.750000000,11642.000000000,11637.250000000,11637.750000000,135,MNQH3
2023-01-18T11:10:00.000000000Z,33,1,8071,11637.750000000,11638.250000000,11635.750000000,11637.000000000,211,MNQH3
2023-01-18T11:11:00.000000000Z,33,1,8071,11637.000000000,11638.250000000,11636.250000000,11636.750000000,159,MNQH3
2023-01-18T11:12:00.000000000Z,33,1,8071,11636.750000000,11637.000000000,11636.000000000,11636.750000000,78,MNQH3
2023-01-18T11:13:00.000000000Z,33,1,8071,11636.250000000,11641.000000000,11635.750000000,11640.750000000,259,MNQH3
2023-01-18T11:14:00.000000000Z,33,1,8071,11640.500000000,11645.000000000,11640.000000000,11643.500000000,395,MNQH3
2023-01-18T11:15:00.000000000Z,33,1,8071,11643.500000000,11644.250000000,11641.000000000,11641.750000000,254,MNQH3
2023-01-18T11:16:00.000000000Z,33,1,8071,11641.500000000,11643.000000000,11640.000000000,11641.750000000,187,MNQH3
2023-01-18T11:17:00.000000000Z,33,1,8071,11641.500000000,11642.250000000,11640.750000000,11641.250000000,72,MNQH3
2023-01-18T11:18:00.000000000Z,33,1,8071,11641.000000000,11641.250000000,11640.000000000,11641.000000000,106,MNQH3
2023-01-18T11:19:00.000000000Z,33,1,8071,11640.500000000,11640.500000000,11638.500000000,11639.250000000,96,MNQH3
2023-01-18T11:20:00.000000000Z,33,1,8071,11638.750000000,11639.750000000,11636.250000000,11638.750000000,253,MNQH3
2023-01-18T11:21:00.000000000Z,33,1,8071,11639.000000000,11639.750000000,11638.000000000,11638.500000000,123,MNQH3
2023-01-18T11:22:00.000000000Z,33,1,8071,11638.500000000,11640.500000000,11638.500000000,11640.000000000,69,MNQH3
2023-01-18T11:23:00.000000000Z,33,1,8071,11639.500000000,11641.750000000,11639.000000000,11639.250000000,130,MNQH3
2023-01-18T11:24:00.000000000Z,33,1,8071,11639.500000000,11644.500000000,11639.250000000,11643.500000000,224,MNQH3
2023-01-18T11:25:00.000000000Z,33,1,8071,11643.000000000,11645.750000000,11642.750000000,11643.000000000,248,MNQH3
2023-01-18T11:26:00.000000000Z,33,1,8071,11643.250000000,11643.500000000,11642.000000000,11642.500000000,87,MNQH3
2023-01-18T11:27:00.000000000Z,33,1,8071,11642.250000000,11642.500000000,11639.250000000,11640.250000000,156,MNQH3
2023-01-18T11:28:00.000000000Z,33,1,8071,11640.250000000,11641.500000000,11640.000000000,11640.000000000,83,MNQH3
2023-01-18T11:29:00.000000000Z,33,1,8071,11640.250000000,11640.750000000,11638.000000000,11638.500000000,157,MNQH3
2023-01-18T11:30:00.000000000Z,33,1,8071,11639.000000000,11639.000000000,11636.000000000,11637.000000000,242,MNQH3
2023-01-18T11:31:00.000000000Z,33,1,8071,11636.500000000,11637.000000000,11632.750000000,11635.000000000,388,MNQH3
2023-01-18T11:32:00.000000000Z,33,1,8071,11634.750000000,11636.750000000,11634.250000000,11634.750000000,121,MNQH3
2023-01-18T11:33:00.000000000Z,33,1,8071,11634.500000000,11634.750000000,11632.750000000,11633.750000000,180,MNQH3
2023-01-18T11:34:00.000000000Z,33,1,8071,11634.250000000,11638.000000000,11634.250000000,11636.750000000,211,MNQH3
2023-01-18T11:35:00.000000000Z,33,1,8071,11637.000000000,11638.750000000,11636.500000000,11637.250000000,86,MNQH3
2023-01-18T11:36:00.000000000Z,33,1,8071,11637.500000000,11640.000000000,11637.500000000,11639.000000000,146,MNQH3
2023-01-18T11:37:00.000000000Z,33,1,8071,11639.000000000,11644.500000000,11638.750000000,11643.000000000,341,MNQH3
2023-01-18T11:38:00.000000000Z,33,1,8071,11643.000000000,11645.000000000,11642.000000000,11642.250000000,349,MNQH3
2023-01-18T11:39:00.000000000Z,33,1,8071,11642.250000000,11644.000000000,11642.250000000,11643.000000000,108,MNQH3
2023-01-18T11:40:00.000000000Z,33,1,8071,11642.750000000,11643.250000000,11640.750000000,11643.000000000,207,MNQH3
2023-01-18T11:41:00.000000000Z,33,1,8071,11643.000000000,11643.000000000,11641.000000000,11641.250000000,92,MNQH3
2023-01-18T11:42:00.000000000Z,33,1,8071,11641.250000000,11643.250000000,11641.250000000,11642.000000000,70,MNQH3
2023-01-18T11:43:00.000000000Z,33,1,8071,11642.000000000,11644.000000000,11641.500000000,11644.000000000,133,MNQH3
2023-01-18T11:44:00.000000000Z,33,1,8071,11643.750000000,11644.250000000,11642.500000000,11643.250000000,103,MNQH3
2023-01-18T11:45:00.000000000Z,33,1,8071,11643.750000000,11643.750000000,11640.250000000,11640.250000000,136,MNQH3
2023-01-18T11:46:00.000000000Z,33,1,8071,11640.500000000,11641.000000000,11638.250000000,11640.000000000,199,MNQH3
2023-01-18T11:47:00.000000000Z,33,1,8071,11640.250000000,11641.000000000,11638.250000000,11638.750000000,107,MNQH3
2023-01-18T11:48:00.000000000Z,33,1,8071,11639.000000000,11639.750000000,11638.250000000,11638.750000000,92,MNQH3
2023-01-18T11:49:00.000000000Z,33,1,8071,11639.000000000,11639.750000000,11637.750000000,11639.250000000,77,MNQH3
2023-01-18T11:50:00.000000000Z,33,1,8071,11639.250000000,11642.000000000,11639.250000000,11641.500000000,118,MNQH3
2023-01-18T11:51:00.000000000Z,33,1,8071,11641.250000000,11643.000000000,11641.250000000,11642.250000000,117,MNQH3
2023-01-18T11:52:00.000000000Z,33,1,8071,11642.250000000,11648.250000000,11641.750000000,11647.000000000,525,MNQH3
2023-01-18T11:53:00.000000000Z,33,1,8071,11647.250000000,11648.250000000,11645.500000000,11646.250000000,329,MNQH3
2023-01-18T11:54:00.000000000Z,33,1,8071,11646.250000000,11647.250000000,11645.250000000,11645.250000000,160,MNQH3
2023-01-18T11:55:00.000000000Z,33,1,8071,11645.750000000,11648.750000000,11645.250000000,11648.000000000,208,MNQH3
2023-01-18T11:56:00.000000000Z,33,1,8071,11648.000000000,11650.250000000,11647.500000000,11647.500000000,409,MNQH3
2023-01-18T11:57:00.000000000Z,33,1,8071,11647.750000000,11648.250000000,11644.750000000,11646.250000000,217,MNQH3
2023-01-18T11:58:00.000000000Z,33,1,8071,11646.000000000,11648.250000000,11646.000000000,11648.000000000,95,MNQH3
2023-01-18T11:59:00.000000000Z,33,1,8071,11648.500000000,11649.250000000,11644.500000000,11644.750000000,267,MNQH3
2023-01-18T12:00:00.000000000Z,33,1,8071,11644.500000000,11648.500000000,11643.000000000,11646.500000000,449,MNQH3
2023-01-18T12:01:00.000000000Z,33,1,8071,11646.750000000,11648.250000000,11646.750000000,11648.000000000,130,MNQH3
2023-01-18T12:02:00.000000000Z,33,1,8071,11648.250000000,11649.250000000,11647.500000000,11648.750000000,134,MNQH3
2023-01-18T12:03:00.000000000Z,33,1,8071,11649.000000000,11650.250000000,11646.750000000,11649.750000000,295,MNQH3
2023-01-18T12:04:00.000000000Z,33,1,8071,11649.750000000,11651.500000000,11646.750000000,11650.000000000,364,MNQH3
2023-01-18T12:05:00.000000000Z,33,1,8071,11650.000000000,11652.250000000,11649.750000000,11652.000000000,191,MNQH3
2023-01-18T12:06:00.000000000Z,33,1,8071,11651.750000000,11652.750000000,11649.750000000,11651.500000000,202,MNQH3
2023-01-18T12:07:00.000000000Z,33,1,8071,11652.000000000,11652.000000000,11647.500000000,11647.500000000,199,MNQH3
2023-01-18T12:08:00.000000000Z,33,1,8071,11647.750000000,11649.000000000,11644.750000000,11645.250000000,277,MNQH3
2023-01-18T12:09:00.000000000Z,33,1,8071,11645.750000000,11647.500000000,11645.000000000,11647.250000000,143,MNQH3
2023-01-18T12:10:00.000000000Z,33,1,8071,11647.250000000,11650.000000000,11647.250000000,11649.250000000,187,MNQH3
2023-01-18T12:11:00.000000000Z,33,1,8071,11649.000000000,11650.500000000,11648.750000000,11650.000000000,151,MNQH3
2023-01-18T12:12:00.000000000Z,33,1,8071,11650.000000000,11651.500000000,11649.500000000,11651.250000000,126,MNQH3
2023-01-18T12:13:00.000000000Z,33,1,8071,11651.500000000,11653.250000000,11649.000000000,11649.000000000,273,MNQH3
2023-01-18T12:14:00.000000000Z,33,1,8071,11649.000000000,11651.500000000,11649.000000000,11650.750000000,147,MNQH3
2023-01-18T12:15:00.000000000Z,33,1,8071,11651.000000000,11653.000000000,11650.500000000,11652.250000000,168,MNQH3
2023-01-18T12:16:00.000000000Z,33,1,8071,11652.250000000,11654.500000000,11652.250000000,11653.750000000,232,MNQH3
2023-01-18T12:17:00.000000000Z,33,1,8071,11653.500000000,11653.750000000,11651.250000000,11652.250000000,163,MNQH3
2023-01-18T12:18:00.000000000Z,33,1,8071,11651.500000000,11652.500000000,11650.750000000,11652.250000000,140,MNQH3
2023-01-18T12:19:00.000000000Z,33,1,8071,11652.000000000,11653.750000000,11651.500000000,11652.500000000,156,MNQH3
2023-01-18T12:20:00.000000000Z,33,1,8071,11652.750000000,11653.500000000,11651.500000000,11652.750000000,172,MNQH3
2023-01-18T12:21:00.000000000Z,33,1,8071,11653.000000000,11653.500000000,11651.250000000,11653.500000000,135,MNQH3
2023-01-18T12:22:00.000000000Z,33,1,8071,11653.250000000,11654.500000000,11652.750000000,11654.000000000,199,MNQH3
2023-01-18T12:23:00.000000000Z,33,1,8071,11654.000000000,11655.500000000,11653.750000000,11655.250000000,264,MNQH3
2023-01-18T12:24:00.000000000Z,33,1,8071,11655.250000000,11655.750000000,11650.750000000,11651.750000000,298,MNQH3
2023-01-18T12:25:00.000000000Z,33,1,8071,11651.250000000,11652.500000000,11649.500000000,11649.500000000,258,MNQH3
2023-01-18T12:26:00.000000000Z,33,1,8071,11649.500000000,11650.500000000,11647.250000000,11648.500000000,310,MNQH3
2023-01-18T12:27:00.000000000Z,33,1,8071,11648.750000000,11651.750000000,11648.750000000,11651.500000000,180,MNQH3
2023-01-18T12:28:00.000000000Z,33,1,8071,11651.000000000,11654.000000000,11651.000000000,11653.250000000,151,MNQH3
2023-01-18T12:29:00.000000000Z,33,1,8071,11653.250000000,11655.250000000,11652.750000000,11653.750000000,146,MNQH3
2023-01-18T12:30:00.000000000Z,33,1,8071,11653.750000000,11655.500000000,11653.250000000,11654.250000000,206,MNQH3
2023-01-18T12:31:00.000000000Z,33,1,8071,11654.250000000,11654.750000000,11653.250000000,11653.750000000,119,MNQH3
2023-01-18T12:32:00.000000000Z,33,1,8071,11654.000000000,11654.000000000,11651.000000000,11652.500000000,189,MNQH3
2023-01-18T12:33:00.000000000Z,33,1,8071,11652.750000000,11653.250000000,11651.250000000,11652.500000000,100,MNQH3
2023-01-18T12:34:00.000000000Z,33,1,8071,11653.000000000,11654.250000000,11651.750000000,11653.000000000,136,MNQH3
2023-01-18T12:35:00.000000000Z,33,1,8071,11653.250000000,11655.000000000,11652.000000000,11654.750000000,173,MNQH3
2023-01-18T12:36:00.000000000Z,33,1,8071,11654.750000000,11658.250000000,11654.250000000,11655.250000000,505,MNQH3
2023-01-18T12:37:00.000000000Z,33,1,8071,11655.000000000,11657.000000000,11654.250000000,11655.000000000,212,MNQH3
2023-01-18T12:38:00.000000000Z,33,1,8071,11655.500000000,11655.500000000,11654.250000000,11655.000000000,102,MNQH3
2023-01-18T12:39:00.000000000Z,33,1,8071,11655.000000000,11657.250000000,11655.000000000,11656.250000000,250,MNQH3
2023-01-18T12:40:00.000000000Z,33,1,8071,11656.500000000,11656.500000000,11653.500000000,11654.000000000,160,MNQH3
2023-01-18T12:41:00.000000000Z,33,1,8071,11654.000000000,11655.000000000,11653.500000000,11654.500000000,205,MNQH3
2023-01-18T12:42:00.000000000Z,33,1,8071,11654.500000000,11659.500000000,11653.750000000,11658.750000000,344,MNQH3
2023-01-18T12:43:00.000000000Z,33,1,8071,11658.250000000,11662.500000000,11657.500000000,11660.000000000,886,MNQH3
2023-01-18T12:44:00.000000000Z,33,1,8071,11660.250000000,11665.500000000,11659.750000000,11663.750000000,727,MNQH3
2023-01-18T12:45:00.000000000Z,33,1,8071,11664.000000000,11665.500000000,11662.750000000,11664.250000000,329,MNQH3
2023-01-18T12:46:00.000000000Z,33,1,8071,11663.750000000,11667.750000000,11663.750000000,11666.000000000,801,MNQH3
2023-01-18T12:47:00.000000000Z,33,1,8071,11665.750000000,11668.000000000,11665.000000000,11666.000000000,329,MNQH3
2023-01-18T12:48:00.000000000Z,33,1,8071,11665.750000000,11666.750000000,11665.250000000,11665.250000000,175,MNQH3
2023-01-18T12:49:00.000000000Z,33,1,8071,11666.000000000,11666.500000000,11662.000000000,11663.000000000,406,MNQH3
2023-01-18T12:50:00.000000000Z,33,1,8071,11662.250000000,11666.500000000,11662.000000000,11666.500000000,239,MNQH3
2023-01-18T12:51:00.000000000Z,33,1,8071,11666.500000000,11669.250000000,11666.250000000,11668.500000000,449,MNQH3
2023-01-18T12:52:00.000000000Z,33,1,8071,11668.250000000,11670.000000000,11666.750000000,11668.250000000,468,MNQH3
2023-01-18T12:53:00.000000000Z,33,1,8071,11668.250000000,11668.500000000,11665.500000000,11667.750000000,263,MNQH3
2023-01-18T12:54:00.000000000Z,33,1,8071,11667.500000000,11668.750000000,11666.750000000,11668.250000000,231,MNQH3
2023-01-18T12:55:00.000000000Z,33,1,8071,11668.250000000,11670.250000000,11666.500000000,11669.500000000,407,MNQH3
2023-01-18T12:56:00.000000000Z,33,1,8071,11669.500000000,11671.000000000,11668.750000000,11669.250000000,330,MNQH3
2023-01-18T12:57:00.000000000Z,33,1,8071,11669.250000000,11672.750000000,11669.250000000,11671.250000000,472,MNQH3
2023-01-18T12:58:00.000000000Z,33,1,8071,11671.250000000,11674.250000000,11670.750000000,11673.250000000,552,MNQH3
2023-01-18T12:59:00.000000000Z,33,1,8071,11673.250000000,11673.750000000,11670.500000000,11670.750000000,354,MNQH3
2023-01-18T13:00:00.000000000Z,33,1,8071,11670.750000000,11671.500000000,11663.000000000,11665.500000000,888,MNQH3
2023-01-18T13:01:00.000000000Z,33,1,8071,11665.000000000,11667.000000000,11663.000000000,11666.500000000,546,MNQH3
2023-01-18T13:02:00.000000000Z,33,1,8071,11666.500000000,11671.250000000,11665.250000000,11665.250000000,646,MNQH3
2023-01-18T13:03:00.000000000Z,33,1,8071,11665.500000000,11669.250000000,11665.000000000,11668.750000000,266,MNQH3
2023-01-18T13:04:00.000000000Z,33,1,8071,11668.500000000,11669.250000000,11663.500000000,11663.750000000,314,MNQH3
2023-01-18T13:05:00.000000000Z,33,1,8071,11663.750000000,11664.250000000,11661.000000000,11662.750000000,566,MNQH3
2023-01-18T13:06:00.000000000Z,33,1,8071,11663.000000000,11663.750000000,11660.250000000,11661.250000000,338,MNQH3
2023-01-18T13:07:00.000000000Z,33,1,8071,11661.000000000,11661.750000000,11658.500000000,11660.250000000,559,MNQH3
2023-01-18T13:08:00.000000000Z,33,1,8071,11660.500000000,11662.500000000,11659.250000000,11660.250000000,293,MNQH3
2023-01-18T13:09:00.000000000Z,33,1,8071,11660.500000000,11663.250000000,11659.000000000,11661.500000000,435,MNQH3
2023-01-18T13:10:00.000000000Z,33,1,8071,11661.500000000,11666.500000000,11660.500000000,11665.000000000,438,MNQH3
2023-01-18T13:11:00.000000000Z,33,1,8071,11665.500000000,11665.500000000,11662.500000000,11664.500000000,339,MNQH3
2023-01-18T13:12:00.000000000Z,33,1,8071,11664.750000000,11667.250000000,11664.500000000,11665.500000000,208,MNQH3
2023-01-18T13:13:00.000000000Z,33,1,8071,11665.500000000,11667.000000000,11664.250000000,11666.000000000,206,MNQH3
2023-01-18T13:14:00.000000000Z,33,1,8071,11666.000000000,11667.750000000,11665.750000000,11666.750000000,208,MNQH3
2023-01-18T13:15:00.000000000Z,33,1,8071,11666.500000000,11671.250000000,11666.250000000,11670.750000000,543,MNQH3
2023-01-18T13:16:00.000000000Z,33,1,8071,11670.750000000,11671.250000000,11668.000000000,11668.500000000,301,MNQH3
2023-01-18T13:17:00.000000000Z,33,1,8071,11668.750000000,11669.500000000,11664.750000000,11666.750000000,285,MNQH3
2023-01-18T13:18:00.000000000Z,33,1,8071,11666.250000000,11667.500000000,11663.500000000,11667.000000000,358,MNQH3
2023-01-18T13:19:00.000000000Z,33,1,8071,11667.500000000,11668.000000000,11665.250000000,11666.250000000,226,MNQH3
2023-01-18T13:20:00.000000000Z,33,1,8071,11666.250000000,11666.750000000,11663.000000000,11664.250000000,324,MNQH3
2023-01-18T13:21:00.000000000Z,33,1,8071,11664.750000000,11667.750000000,11662.750000000,11667.750000000,380,MNQH3
2023-01-18T13:22:00.000000000Z,33,1,8071,11667.500000000,11668.500000000,11665.500000000,11667.250000000,267,MNQH3
2023-01-18T13:23:00.000000000Z,33,1,8071,11667.500000000,11667.750000000,11665.500000000,11665.500000000,207,MNQH3
2023-01-18T13:24:00.000000000Z,33,1,8071,11665.750000000,11665.750000000,11657.500000000,11658.000000000,753,MNQH3
2023-01-18T13:25:00.000000000Z,33,1,8071,11658.500000000,11663.250000000,11656.250000000,11662.500000000,878,MNQH3
2023-01-18T13:26:00.000000000Z,33,1,8071,11662.750000000,11666.000000000,11660.750000000,11665.500000000,556,MNQH3
2023-01-18T13:27:00.000000000Z,33,1,8071,11665.500000000,11671.250000000,11662.500000000,11670.500000000,1003,MNQH3
2023-01-18T13:28:00.000000000Z,33,1,8071,11670.500000000,11671.750000000,11665.500000000,11667.500000000,450,MNQH3
2023-01-18T13:29:00.000000000Z,33,1,8071,11667.250000000,11672.500000000,11659.000000000,11668.500000000,651,MNQH3
2023-01-18T13:30:00.000000000Z,33,1,8071,11665.000000000,11720.000000000,11661.500000000,11710.750000000,6799,MNQH3
2023-01-18T13:31:00.000000000Z,33,1,8071,11711.000000000,11721.750000000,11694.500000000,11698.000000000,4944,MNQH3
2023-01-18T13:32:00.000000000Z,33,1,8071,11697.750000000,11711.750000000,11692.250000000,11703.000000000,3207,MNQH3
2023-01-18T13:33:00.000000000Z,33,1,8071,11703.250000000,11705.000000000,11635.250000000,11654.250000000,7070,MNQH3
2023-01-18T13:34:00.000000000Z,33,1,8071,11654.250000000,11674.000000000,11651.750000000,11658.000000000,4164,MNQH3
2023-01-18T13:35:00.000000000Z,33,1,8071,11658.250000000,11675.250000000,11657.750000000,11664.250000000,2849,MNQH3
2023-01-18T13:36:00.000000000Z,33,1,8071,11664.500000000,11672.750000000,11653.250000000,11664.500000000,2294,MNQH3
2023-01-18T13:37:00.000000000Z,33,1,8071,11664.750000000,11666.500000000,11650.250000000,11655.500000000,2366,MNQH3
2023-01-18T13:38:00.000000000Z,33,1,8071,11655.750000000,11660.250000000,11641.250000000,11649.000000000,2906,MNQH3
2023-01-18T13:39:00.000000000Z,33,1,8071,11649.000000000,11663.500000000,11648.250000000,11660.500000000,1612,MNQH3
2023-01-18T13:40:00.000000000Z,33,1,8071,11660.000000000,11667.500000000,11656.250000000,11660.500000000,1538,MNQH3
2023-01-18T13:41:00.000000000Z,33,1,8071,11660.500000000,11663.000000000,11647.000000000,11647.750000000,1731,MNQH3
2023-01-18T13:42:00.000000000Z,33,1,8071,11647.500000000,11653.750000000,11644.500000000,11648.500000000,1363,MNQH3
2023-01-18T13:43:00.000000000Z,33,1,8071,11648.000000000,11659.500000000,11648.000000000,11656.500000000,1163,MNQH3
2023-01-18T13:44:00.000000000Z,33,1,8071,11657.250000000,11667.000000000,11656.000000000,11664.750000000,1125,MNQH3
2023-01-18T13:45:00.000000000Z,33,1,8071,11665.000000000,11676.750000000,11664.750000000,11674.000000000,2053,MNQH3
2023-01-18T13:46:00.000000000Z,33,1,8071,11673.750000000,11689.750000000,11672.750000000,11685.750000000,3000,MNQH3
2023-01-18T13:47:00.000000000Z,33,1,8071,11686.000000000,11686.250000000,11678.500000000,11681.500000000,2027,MNQH3
2023-01-18T13:48:00.000000000Z,33,1,8071,11681.500000000,11689.500000000,11681.500000000,11682.750000000,1357,MNQH3
2023-01-18T13:49:00.000000000Z,33,1,8071,11682.750000000,11692.000000000,11680.750000000,11687.500000000,1370,MNQH3
2023-01-18T13:50:00.000000000Z,33,1,8071,11687.500000000,11689.500000000,11682.750000000,11687.250000000,977,MNQH3
2023-01-18T13:51:00.000000000Z,33,1,8071,11687.000000000,11692.500000000,11687.000000000,11690.750000000,1037,MNQH3
2023-01-18T13:52:00.000000000Z,33,1,8071,11691.000000000,11692.250000000,11687.000000000,11691.500000000,709,MNQH3
2023-01-18T13:53:00.000000000Z,33,1,8071,11691.500000000,11694.250000000,11688.750000000,11689.750000000,870,MNQH3
2023-01-18T13:54:00.000000000Z,33,1,8071,11690.250000000,11694.000000000,11689.250000000,11693.000000000,863,MNQH3
2023-01-18T13:55:00.000000000Z,33,1,8071,11693.000000000,11696.500000000,11690.000000000,11692.250000000,1085,MNQH3
2023-01-18T13:56:00.000000000Z,33,1,8071,11692.500000000,11692.750000000,11682.250000000,11686.500000000,1885,MNQH3
2023-01-18T13:57:00.000000000Z,33,1,8071,11686.250000000,11690.000000000,11681.000000000,11685.000000000,1593,MNQH3
2023-01-18T13:58:00.000000000Z,33,1,8071,11684.750000000,11691.250000000,11682.750000000,11690.750000000,783,MNQH3
2023-01-18T13:59:00.000000000Z,33,1,8071,11690.750000000,11692.750000000,11688.500000000,11690.750000000,554,MNQH3
2023-01-18T14:00:00.000000000Z,33,1,8071,11690.750000000,11692.750000000,11685.250000000,11686.750000000,766,MNQH3
2023-01-18T14:01:00.000000000Z,33,1,8071,11687.750000000,11689.000000000,11682.000000000,11682.500000000,767,MNQH3
2023-01-18T14:02:00.000000000Z,33,1,8071,11682.750000000,11686.250000000,11682.500000000,11684.250000000,529,MNQH3
2023-01-18T14:03:00.000000000Z,33,1,8071,11684.250000000,11688.250000000,11682.000000000,11687.750000000,574,MNQH3
2023-01-18T14:04:00.000000000Z,33,1,8071,11688.000000000,11701.000000000,11687.500000000,11700.250000000,2464,MNQH3
2023-01-18T14:05:00.000000000Z,33,1,8071,11700.000000000,11709.250000000,11699.500000000,11705.000000000,2331,MNQH3
2023-01-18T14:06:00.000000000Z,33,1,8071,11705.250000000,11712.000000000,11705.000000000,11710.500000000,1539,MNQH3
2023-01-18T14:07:00.000000000Z,33,1,8071,11710.250000000,11711.500000000,11705.250000000,11707.250000000,1185,MNQH3
2023-01-18T14:08:00.000000000Z,33,1,8071,11707.250000000,11708.750000000,11703.750000000,11704.750000000,920,MNQH3
2023-01-18T14:09:00.000000000Z,33,1,8071,11704.500000000,11710.000000000,11704.000000000,11708.750000000,913,MNQH3
2023-01-18T14:10:00.000000000Z,33,1,8071,11709.250000000,11710.000000000,11700.000000000,11700.250000000,1150,MNQH3
2023-01-18T14:11:00.000000000Z,33,1,8071,11700.500000000,11704.250000000,11698.750000000,11700.750000000,719,MNQH3
2023-01-18T14:12:00.000000000Z,33,1,8071,11700.500000000,11703.000000000,11696.750000000,11702.000000000,776,MNQH3
2023-01-18T14:13:00.000000000Z,33,1,8071,11701.500000000,11704.000000000,11700.750000000,11702.750000000,522,MNQH3
2023-01-18T14:14:00.000000000Z,33,1,8071,11703.250000000,11705.000000000,11700.500000000,11702.250000000,459,MNQH3
2023-01-18T14:15:00.000000000Z,33,1,8071,11701.750000000,11708.750000000,11700.250000000,11707.750000000,1358,MNQH3
2023-01-18T14:16:00.000000000Z,33,1,8071,11707.750000000,11708.750000000,11702.500000000,11706.000000000,1146,MNQH3
2023-01-18T14:17:00.000000000Z,33,1,8071,11706.750000000,11709.750000000,11702.250000000,11702.500000000,1051,MNQH3
2023-01-18T14:18:00.000000000Z,33,1,8071,11702.500000000,11706.500000000,11700.250000000,11702.000000000,1086,MNQH3
2023-01-18T14:19:00.000000000Z,33,1,8071,11702.250000000,11705.000000000,11701.250000000,11704.500000000,684,MNQH3
2023-01-18T14:20:00.000000000Z,33,1,8071,11704.250000000,11707.250000000,11700.250000000,11703.750000000,935,MNQH3
2023-01-18T14:21:00.000000000Z,33,1,8071,11704.000000000,11708.500000000,11703.000000000,11706.250000000,755,MNQH3
2023-01-18T14:22:00.000000000Z,33,1,8071,11706.250000000,11709.750000000,11706.250000000,11707.750000000,636,MNQH3
2023-01-18T14:23:00.000000000Z,33,1,8071,11708.000000000,11709.750000000,11696.000000000,11698.750000000,1065,MNQH3
2023-01-18T14:24:00.000000000Z,33,1,8071,11698.750000000,11711.750000000,11698.500000000,11710.500000000,1355,MNQH3
2023-01-18T14:25:00.000000000Z,33,1,8071,11710.500000000,11712.250000000,11706.000000000,11709.250000000,984,MNQH3
2023-01-18T14:26:00.000000000Z,33,1,8071,11709.250000000,11710.500000000,11705.000000000,11708.500000000,533,MNQH3
2023-01-18T14:27:00.000000000Z,33,1,8071,11708.000000000,11708.750000000,11698.250000000,11698.500000000,812,MNQH3
2023-01-18T14:28:00.000000000Z,33,1,8071,11698.500000000,11702.250000000,11694.750000000,11699.500000000,970,MNQH3
2023-01-18T14:29:00.000000000Z,33,1,8071,11699.750000000,11701.500000000,11692.500000000,11695.000000000,1097,MNQH3
2023-01-18T14:30:00.000000000Z,33,1,8071,11694.750000000,11717.750000000,11692.000000000,11715.750000000,6519,MNQH3
2023-01-18T14:31:00.000000000Z,33,1,8071,11715.750000000,11727.000000000,11705.250000000,11709.250000000,6711,MNQH3
2023-01-18T14:32:00.000000000Z,33,1,8071,11709.750000000,11715.000000000,11680.000000000,11681.250000000,7453,MNQH3
2023-01-18T14:33:00.000000000Z,33,1,8071,11681.750000000,11704.500000000,11681.500000000,11697.750000000,5015,MNQH3
2023-01-18T14:34:00.000000000Z,33,1,8071,11697.500000000,11716.000000000,11690.000000000,11703.750000000,6013,MNQH3
2023-01-18T14:35:00.000000000Z,33,1,8071,11704.000000000,11710.750000000,11685.500000000,11707.750000000,7311,MNQH3
2023-01-18T14:36:00.000000000Z,33,1,8071,11708.000000000,11717.000000000,11700.750000000,11702.250000000,5402,MNQH3
2023-01-18T14:37:00.000000000Z,33,1,8071,11702.250000000,11703.250000000,11672.250000000,11677.000000000,9505,MNQH3
2023-01-18T14:38:00.000000000Z,33,1,8071,11677.250000000,11694.000000000,11676.750000000,11678.500000000,6562,MNQH3
2023-01-18T14:39:00.000000000Z,33,1,8071,11678.500000000,11693.500000000,11674.000000000,11691.000000000,6187,MNQH3
2023-01-18T14:40:00.000000000Z,33,1,8071,11691.500000000,11707.000000000,11690.000000000,11692.750000000,6707,MNQH3
2023-01-18T14:41:00.000000000Z,33,1,8071,11692.500000000,11702.500000000,11692.250000000,11701.000000000,3945,MNQH3
2023-01-18T14:42:00.000000000Z,33,1,8071,11701.500000000,11714.500000000,11692.750000000,11711.000000000,5666,MNQH3
2023-01-18T14:43:00.000000000Z,33,1,8071,11711.250000000,11716.750000000,11697.250000000,11697.750000000,5195,MNQH3
2023-01-18T14:44:00.000000000Z,33,1,8071,11698.250000000,11700.250000000,11672.750000000,11688.250000000,9646,MNQH3
2023-01-18T14:45:00.000000000Z,33,1,8071,11688.250000000,11705.250000000,11673.500000000,11690.500000000,8899,MNQH3
2023-01-18T14:46:00.000000000Z,33,1,8071,11690.500000000,11695.500000000,11681.750000000,11688.000000000,3348,MNQH3
2023-01-18T14:47:00.000000000Z,33,1,8071,11688.250000000,11698.000000000,11679.000000000,11684.750000000,3702,MNQH3
2023-01-18T14:48:00.000000000Z,33,1,8071,11684.500000000,11689.250000000,11677.500000000,11688.500000000,3128,MNQH3
2023-01-18T14:49:00.000000000Z,33,1,8071,11688.750000000,11701.500000000,11687.000000000,11698.250000000,3515,MNQH3
2023-01-18T14:50:00.000000000Z,33,1,8071,11698.250000000,11714.500000000,11697.500000000,11713.000000000,5953,MNQH3
2023-01-18T14:51:00.000000000Z,33,1,8071,11713.500000000,11722.500000000,11711.500000000,11720.750000000,6652,MNQH3
2023-01-18T14:52:00.000000000Z,33,1,8071,11721.000000000,11722.500000000,11709.500000000,11713.500000000,3467,MNQH3
2023-01-18T14:53:00.000000000Z,33,1,8071,11713.500000000,11717.000000000,11704.500000000,11708.750000000,3425,MNQH3
2023-01-18T14:54:00.000000000Z,33,1,8071,11708.750000000,11713.250000000,11701.000000000,11705.250000000,3089,MNQH3
2023-01-18T14:55:00.000000000Z,33,1,8071,11705.500000000,11708.500000000,11691.750000000,11702.250000000,4146,MNQH3
2023-01-18T14:56:00.000000000Z,33,1,8071,11702.250000000,11704.750000000,11691.000000000,11696.000000000,2994,MNQH3
2023-01-18T14:57:00.000000000Z,33,1,8071,11696.250000000,11709.000000000,11692.750000000,11708.500000000,3025,MNQH3
2023-01-18T14:58:00.000000000Z,33,1,8071,11708.750000000,11721.750000000,11707.750000000,11721.500000000,4183,MNQH3
2023-01-18T14:59:00.000000000Z,33,1,8071,11721.500000000,11721.750000000,11714.500000000,11719.250000000,2097,MNQH3
2023-01-18T15:00:00.000000000Z,33,1,8071,11719.250000000,11744.500000000,11719.250000000,11736.000000000,10202,MNQH3
2023-01-18T15:01:00.000000000Z,33,1,8071,11736.250000000,11747.500000000,11729.500000000,11747.250000000,5792,MNQH3
2023-01-18T15:02:00.000000000Z,33,1,8071,11746.750000000,11748.500000000,11738.000000000,11742.750000000,3734,MNQH3
2023-01-18T15:03:00.000000000Z,33,1,8071,11743.000000000,11746.000000000,11734.750000000,11741.000000000,4300,MNQH3
2023-01-18T15:04:00.000000000Z,33,1,8071,11740.500000000,11743.750000000,11734.250000000,11738.750000000,3133,MNQH3
2023-01-18T15:05:00.000000000Z,33,1,8071,11739.000000000,11753.000000000,11737.500000000,11752.500000000,6303,MNQH3
2023-01-18T15:06:00.000000000Z,33,1,8071,11752.500000000,11758.000000000,11748.250000000,11750.750000000,4718,MNQH3
2023-01-18T15:07:00.000000000Z,33,1,8071,11750.750000000,11754.250000000,11747.500000000,11753.250000000,2311,MNQH3
2023-01-18T15:08:00.000000000Z,33,1,8071,11753.000000000,11759.500000000,11749.000000000,11755.000000000,2979,MNQH3
2023-01-18T15:09:00.000000000Z,33,1,8071,11754.750000000,11756.250000000,11735.000000000,11737.250000000,5154,MNQH3
2023-01-18T15:10:00.000000000Z,33,1,8071,11737.500000000,11746.750000000,11730.500000000,11737.000000000,5286,MNQH3
2023-01-18T15:11:00.000000000Z,33,1,8071,11737.250000000,11737.250000000,11726.250000000,11727.500000000,3651,MNQH3
2023-01-18T15:12:00.000000000Z,33,1,8071,11727.750000000,11738.000000000,11727.750000000,11736.500000000,2657,MNQH3
2023-01-18T15:13:00.000000000Z,33,1,8071,11736.250000000,11736.750000000,11727.250000000,11731.750000000,2144,MNQH3
2023-01-18T15:14:00.000000000Z,33,1,8071,11731.500000000,11734.250000000,11718.500000000,11724.750000000,4093,MNQH3
2023-01-18T15:15:00.000000000Z,33,1,8071,11724.500000000,11735.750000000,11719.250000000,11733.500000000,3937,MNQH3
2023-01-18T15:16:00.000000000Z,33,1,8071,11733.750000000,11735.500000000,11726.000000000,11730.000000000,2214,MNQH3
2023-01-18T15:17:00.000000000Z,33,1,8071,11729.250000000,11735.250000000,11726.250000000,11729.000000000,2074,MNQH3
2023-01-18T15:18:00.000000000Z,33,1,8071,11729.250000000,11730.500000000,11693.750000000,11695.500000000,8326,MNQH3
2023-01-18T15:19:00.000000000Z,33,1,8071,11695.500000000,11698.000000000,11675.500000000,11690.750000000,9534,MNQH3
2023-01-18T15:20:00.000000000Z,33,1,8071,11691.250000000,11702.000000000,11691.250000000,11697.500000000,4351,MNQH3
2023-01-18T15:21:00.000000000Z,33,1,8071,11697.500000000,11707.500000000,11697.500000000,11703.500000000,3259,MNQH3
2023-01-18T15:22:00.000000000Z,33,1,8071,11703.750000000,11714.250000000,11694.000000000,11710.000000000,4039,MNQH3
2023-01-18T15:23:00.000000000Z,33,1,8071,11709.750000000,11710.500000000,11696.750000000,11699.750000000,2724,MNQH3
2023-01-18T15:24:00.000000000Z,33,1,8071,11700.000000000,11712.750000000,11697.250000000,11710.250000000,2393,MNQH3
2023-01-18T15:25:00.000000000Z,33,1,8071,11710.500000000,11716.500000000,11709.000000000,11714.250000000,2930,MNQH3
2023-01-18T15:26:00.000000000Z,33,1,8071,11714.750000000,11716.500000000,11705.000000000,11707.750000000,2326,MNQH3
2023-01-18T15:27:00.000000000Z,33,1,8071,11708.000000000,11712.000000000,11703.750000000,11706.500000000,1827,MNQH3
2023-01-18T15:28:00.000000000Z,33,1,8071,11707.000000000,11716.750000000,11705.250000000,11716.000000000,1953,MNQH3
2023-01-18T15:29:00.000000000Z,33,1,8071,11716.000000000,11722.250000000,11710.000000000,11717.250000000,3334,MNQH3
2023-01-18T15:30:00.000000000Z,33,1,8071,11717.500000000,11719.000000000,11698.000000000,11698.500000000,3972,MNQH3
2023-01-18T15:31:00.000000000Z,33,1,8071,11698.750000000,11704.000000000,11692.250000000,11693.500000000,3342,MNQH3
2023-01-18T15:32:00.000000000Z,33,1,8071,11693.750000000,11699.000000000,11692.000000000,11694.250000000,2220,MNQH3
2023-01-18T15:33:00.000000000Z,33,1,8071,11694.000000000,11701.250000000,11685.500000000,11685.500000000,3896,MNQH3
2023-01-18T15:34:00.000000000Z,33,1,8071,11685.750000000,11697.250000000,11685.750000000,11693.750000000,2515,MNQH3
2023-01-18T15:35:00.000000000Z,33,1,8071,11693.500000000,11698.500000000,11683.000000000,11688.000000000,3062,MNQH3
2023-01-18T15:36:00.000000000Z,33,1,8071,11688.250000000,11696.000000000,11683.250000000,11689.500000000,2525,MNQH3
2023-01-18T15:37:00.000000000Z,33,1,8071,11689.750000000,11691.250000000,11670.000000000,11671.750000000,5241,MNQH3
2023-01-18T15:38:00.000000000Z,33,1,8071,11672.250000000,11676.750000000,11656.750000000,11659.500000000,5898,MNQH3
2023-01-18T15:39:00.000000000Z,33,1,8071,11659.500000000,11662.750000000,11651.000000000,11656.250000000,4443,MNQH3
2023-01-18T15:40:00.000000000Z,33,1,8071,11656.000000000,11667.250000000,11652.000000000,11662.500000000,3746,MNQH3
2023-01-18T15:41:00.000000000Z,33,1,8071,11662.500000000,11663.750000000,11652.250000000,11653.750000000,3057,MNQH3
2023-01-18T15:42:00.000000000Z,33,1,8071,11654.250000000,11656.500000000,11642.250000000,11647.000000000,4166,MNQH3
2023-01-18T15:43:00.000000000Z,33,1,8071,11647.250000000,11647.250000000,11627.750000000,11630.500000000,6658,MNQH3
2023-01-18T15:44:00.000000000Z,33,1,8071,11630.500000000,11630.500000000,11615.750000000,11626.250000000,6821,MNQH3
2023-01-18T15:45:00.000000000Z,33,1,8071,11626.250000000,11638.750000000,11623.500000000,11637.500000000,5246,MNQH3
2023-01-18T15:46:00.000000000Z,33,1,8071,11637.500000000,11640.500000000,11620.750000000,11621.750000000,4773,MNQH3
2023-01-18T15:47:00.000000000Z,33,1,8071,11621.750000000,11627.500000000,11619.750000000,11621.750000000,3289,MNQH3
2023-01-18T15:48:00.000000000Z,33,1,8071,11621.000000000,11627.750000000,11618.000000000,11623.750000000,3225,MNQH3
2023-01-18T15:49:00.000000000Z,33,1,8071,11624.000000000,11624.750000000,11616.750000000,11619.250000000,2085,MNQH3
2023-01-18T15:50:00.000000000Z,33,1,8071,11619.250000000,11620.750000000,11603.250000000,11603.500000000,6311,MNQH3
2023-01-18T15:51:00.000000000Z,33,1,8071,11603.750000000,11617.750000000,11598.750000000,11614.000000000,5261,MNQH3
2023-01-18T15:52:00.000000000Z,33,1,8071,11614.000000000,11615.500000000,11608.000000000,11609.000000000,2320,MNQH3
2023-01-18T15:53:00.000000000Z,33,1,8071,11609.500000000,11611.750000000,11601.250000000,11610.500000000,3333,MNQH3
2023-01-18T15:54:00.000000000Z,33,1,8071,11610.250000000,11610.500000000,11594.250000000,11594.750000000,3898,MNQH3
2023-01-18T15:55:00.000000000Z,33,1,8071,11594.750000000,11601.000000000,11585.750000000,11589.500000000,6512,MNQH3
2023-01-18T15:56:00.000000000Z,33,1,8071,11589.250000000,11594.000000000,11585.500000000,11593.750000000,5246,MNQH3
2023-01-18T15:57:00.000000000Z,33,1,8071,11593.250000000,11609.250000000,11591.000000000,11606.500000000,4665,MNQH3
2023-01-18T15:58:00.000000000Z,33,1,8071,11606.750000000,11616.000000000,11606.000000000,11615.500000000,3487,MNQH3
2023-01-18T15:59:00.000000000Z,33,1,8071,11615.750000000,11618.250000000,11607.750000000,11616.500000000,2605,MNQH3
2023-01-18T16:00:00.000000000Z,33,1,8071,11616.750000000,11624.000000000,11608.500000000,11623.000000000,4559,MNQH3
2023-01-18T16:01:00.000000000Z,33,1,8071,11623.000000000,11624.750000000,11615.500000000,11621.250000000,2660,MNQH3
2023-01-18T16:02:00.000000000Z,33,1,8071,11621.000000000,11621.250000000,11614.250000000,11616.500000000,1726,MNQH3
2023-01-18T16:03:00.000000000Z,33,1,8071,11616.750000000,11624.750000000,11614.250000000,11617.500000000,1976,MNQH3
2023-01-18T16:04:00.000000000Z,33,1,8071,11617.500000000,11618.750000000,11606.500000000,11611.250000000,3252,MNQH3
2023-01-18T16:05:00.000000000Z,33,1,8071,11611.000000000,11611.250000000,11603.000000000,11605.000000000,2547,MNQH3
2023-01-18T16:06:00.000000000Z,33,1,8071,11605.000000000,11610.750000000,11581.750000000,11582.250000000,6695,MNQH3
2023-01-18T16:07:00.000000000Z,33,1,8071,11582.000000000,11590.500000000,11574.750000000,11580.750000000,6757,MNQH3
2023-01-18T16:08:00.000000000Z,33,1,8071,11581.000000000,11586.750000000,11576.750000000,11583.750000000,2758,MNQH3
2023-01-18T16:09:00.000000000Z,33,1,8071,11584.000000000,11593.750000000,11578.000000000,11591.000000000,3081,MNQH3
2023-01-18T16:10:00.000000000Z,33,1,8071,11591.250000000,11593.250000000,11576.500000000,11583.000000000,3322,MNQH3
2023-01-18T16:11:00.000000000Z,33,1,8071,11582.750000000,11584.750000000,11575.750000000,11577.750000000,2310,MNQH3
2023-01-18T16:12:00.000000000Z,33,1,8071,11577.500000000,11583.250000000,11572.000000000,11579.250000000,3416,MNQH3
2023-01-18T16:13:00.000000000Z,33,1,8071,11579.750000000,11592.250000000,11578.750000000,11588.250000000,3308,MNQH3
2023-01-18T16:14:00.000000000Z,33,1,8071,11587.750000000,11594.750000000,11586.750000000,11592.250000000,2514,MNQH3
2023-01-18T16:15:00.000000000Z,33,1,8071,11592.000000000,11595.000000000,11578.500000000,11583.000000000,3514,MNQH3
2023-01-18T16:16:00.000000000Z,33,1,8071,11583.000000000,11595.000000000,11582.750000000,11592.500000000,2618,MNQH3
2023-01-18T16:17:00.000000000Z,33,1,8071,11592.500000000,11592.750000000,11583.750000000,11586.500000000,1803,MNQH3
2023-01-18T16:18:00.000000000Z,33,1,8071,11586.750000000,11591.000000000,11581.000000000,11586.750000000,2186,MNQH3
2023-01-18T16:19:00.000000000Z,33,1,8071,11586.000000000,11586.750000000,11577.500000000,11581.750000000,2134,MNQH3
2023-01-18T16:20:00.000000000Z,33,1,8071,11582.000000000,11582.000000000,11566.750000000,11570.250000000,4977,MNQH3
2023-01-18T16:21:00.000000000Z,33,1,8071,11570.750000000,11570.750000000,11561.250000000,11562.750000000,4066,MNQH3
2023-01-18T16:22:00.000000000Z,33,1,8071,11562.750000000,11563.500000000,11552.000000000,11555.250000000,4970,MNQH3
2023-01-18T16:23:00.000000000Z,33,1,8071,11555.500000000,11558.000000000,11550.000000000,11550.750000000,3541,MNQH3
2023-01-18T16:24:00.000000000Z,33,1,8071,11551.000000000,11558.250000000,11548.750000000,11552.750000000,3332,MNQH3
2023-01-18T16:25:00.000000000Z,33,1,8071,11553.000000000,11560.750000000,11541.750000000,11557.500000000,4525,MNQH3
2023-01-18T16:26:00.000000000Z,33,1,8071,11557.000000000,11575.750000000,11557.000000000,11573.000000000,5873,MNQH3
2023-01-18T16:27:00.000000000Z,33,1,8071,11573.500000000,11577.750000000,11570.750000000,11574.000000000,2444,MNQH3
2023-01-18T16:28:00.000000000Z,33,1,8071,11573.750000000,11574.250000000,11565.500000000,11567.250000000,1995,MNQH3
2023-01-18T16:29:00.000000000Z,33,1,8071,11567.500000000,11570.500000000,11563.000000000,11564.250000000,2077,MNQH3
2023-01-18T16:30:00.000000000Z,33,1,8071,11563.750000000,11563.750000000,11551.250000000,11552.250000000,3551,MNQH3
2023-01-18T16:31:00.000000000Z,33,1,8071,11552.500000000,11559.500000000,11551.000000000,11553.250000000,2538,MNQH3
2023-01-18T16:32:00.000000000Z,33,1,8071,11553.500000000,11554.250000000,11538.000000000,11541.500000000,4569,MNQH3
2023-01-18T16:33:00.000000000Z,33,1,8071,11541.250000000,11546.750000000,11535.500000000,11540.250000000,3854,MNQH3
2023-01-18T16:34:00.000000000Z,33,1,8071,11540.750000000,11548.000000000,11540.750000000,11545.750000000,1778,MNQH3
2023-01-18T16:35:00.000000000Z,33,1,8071,11545.750000000,11547.500000000,11540.500000000,11545.750000000,2388,MNQH3
2023-01-18T16:36:00.000000000Z,33,1,8071,11545.500000000,11549.750000000,11541.250000000,11546.000000000,2157,MNQH3
2023-01-18T16:37:00.000000000Z,33,1,8071,11546.000000000,11546.000000000,11528.500000000,11530.750000000,4651,MNQH3
2023-01-18T16:38:00.000000000Z,33,1,8071,11531.500000000,11535.250000000,11524.250000000,11526.250000000,3306,MNQH3
2023-01-18T16:39:00.000000000Z,33,1,8071,11526.000000000,11530.500000000,11525.000000000,11529.000000000,2402,MNQH3
2023-01-18T16:40:00.000000000Z,33,1,8071,11529.000000000,11530.750000000,11525.500000000,11528.750000000,1913,MNQH3
2023-01-18T16:41:00.000000000Z,33,1,8071,11528.250000000,11538.750000000,11527.000000000,11529.500000000,2454,MNQH3
2023-01-18T16:42:00.000000000Z,33,1,8071,11530.000000000,11531.000000000,11524.500000000,11529.000000000,1948,MNQH3
2023-01-18T16:43:00.000000000Z,33,1,8071,11529.000000000,11530.000000000,11523.250000000,11524.250000000,1737,MNQH3
2023-01-18T16:44:00.000000000Z,33,1,8071,11524.000000000,11529.250000000,11522.250000000,11529.250000000,2399,MNQH3
2023-01-18T16:45:00.000000000Z,33,1,8071,11529.250000000,11538.500000000,11525.000000000,11527.000000000,3422,MNQH3
2023-01-18T16:46:00.000000000Z,33,1,8071,11527.000000000,11529.500000000,11520.750000000,11523.750000000,2527,MNQH3
2023-01-18T16:47:00.000000000Z,33,1,8071,11523.500000000,11532.750000000,11522.500000000,11530.000000000,1823,MNQH3
2023-01-18T16:48:00.000000000Z,33,1,8071,11529.750000000,11538.250000000,11528.500000000,11534.000000000,2639,MNQH3
2023-01-18T16:49:00.000000000Z,33,1,8071,11534.000000000,11544.250000000,11533.750000000,11541.500000000,2864,MNQH3
2023-01-18T16:50:00.000000000Z,33,1,8071,11541.750000000,11541.750000000,11530.500000000,11533.250000000,2758,MNQH3
2023-01-18T16:51:00.000000000Z,33,1,8071,11533.250000000,11534.500000000,11522.000000000,11525.500000000,2943,MNQH3
2023-01-18T16:52:00.000000000Z,33,1,8071,11525.250000000,11527.750000000,11517.750000000,11522.500000000,3588,MNQH3
2023-01-18T16:53:00.000000000Z,33,1,8071,11522.500000000,11527.000000000,11519.750000000,11524.250000000,1808,MNQH3
2023-01-18T16:54:00.000000000Z,33,1,8071,11524.500000000,11531.500000000,11523.500000000,11530.750000000,1990,MNQH3
2023-01-18T16:55:00.000000000Z,33,1,8071,11531.000000000,11538.500000000,11526.750000000,11527.500000000,3159,MNQH3
2023-01-18T16:56:00.000000000Z,33,1,8071,11527.250000000,11537.000000000,11527.250000000,11536.750000000,1913,MNQH3
2023-01-18T16:57:00.000000000Z,33,1,8071,11536.500000000,11543.750000000,11535.250000000,11543.750000000,2129,MNQH3
2023-01-18T16:58:00.000000000Z,33,1,8071,11543.750000000,11549.250000000,11542.000000000,11548.000000000,2899,MNQH3
2023-01-18T16:59:00.000000000Z,33,1,8071,11548.000000000,11555.750000000,11545.750000000,11550.500000000,3294,MNQH3
2023-01-18T17:00:00.000000000Z,33,1,8071,11550.500000000,11560.000000000,11544.750000000,11547.500000000,3953,MNQH3
2023-01-18T17:01:00.000000000Z,33,1,8071,11547.500000000,11554.750000000,11546.500000000,11551.500000000,1949,MNQH3
2023-01-18T17:02:00.000000000Z,33,1,8071,11551.500000000,11558.750000000,11550.500000000,11555.500000000,1896,MNQH3
2023-01-18T17:03:00.000000000Z,33,1,8071,11555.500000000,11556.000000000,11545.500000000,11547.500000000,2002,MNQH3
2023-01-18T17:04:00.000000000Z,33,1,8071,11547.250000000,11549.000000000,11538.500000000,11540.250000000,2560,MNQH3
2023-01-18T17:05:00.000000000Z,33,1,8071,11540.000000000,11549.750000000,11539.500000000,11545.750000000,1648,MNQH3
2023-01-18T17:06:00.000000000Z,33,1,8071,11546.000000000,11551.000000000,11543.750000000,11545.250000000,1520,MNQH3
2023-01-18T17:07:00.000000000Z,33,1,8071,11545.500000000,11545.500000000,11534.250000000,11540.500000000,2327,MNQH3
2023-01-18T17:08:00.000000000Z,33,1,8071,11540.250000000,11543.750000000,11534.500000000,11539.750000000,1750,MNQH3
2023-01-18T17:09:00.000000000Z,33,1,8071,11539.750000000,11550.750000000,11539.500000000,11546.500000000,1478,MNQH3
2023-01-18T17:10:00.000000000Z,33,1,8071,11546.750000000,11547.500000000,11541.750000000,11545.250000000,1275,MNQH3
2023-01-18T17:11:00.000000000Z,33,1,8071,11545.000000000,11552.750000000,11544.500000000,11551.750000000,1557,MNQH3
2023-01-18T17:12:00.000000000Z,33,1,8071,11551.000000000,11556.750000000,11547.750000000,11554.750000000,1754,MNQH3
2023-01-18T17:13:00.000000000Z,33,1,8071,11555.000000000,11555.250000000,11550.000000000,11553.250000000,1462,MNQH3
2023-01-18T17:14:00.000000000Z,33,1,8071,11553.250000000,11559.250000000,11551.250000000,11558.000000000,1589,MNQH3
2023-01-18T17:15:00.000000000Z,33,1,8071,11558.000000000,11558.000000000,11547.250000000,11549.500000000,2244,MNQH3
2023-01-18T17:16:00.000000000Z,33,1,8071,11549.250000000,11558.000000000,11543.750000000,11556.250000000,1829,MNQH3
2023-01-18T17:17:00.000000000Z,33,1,8071,11556.000000000,11559.250000000,11545.000000000,11547.500000000,1714,MNQH3
2023-01-18T17:18:00.000000000Z,33,1,8071,11547.250000000,11547.750000000,11539.500000000,11543.250000000,1911,MNQH3
2023-01-18T17:19:00.000000000Z,33,1,8071,11543.500000000,11545.250000000,11537.000000000,11538.250000000,1433,MNQH3
2023-01-18T17:20:00.000000000Z,33,1,8071,11538.250000000,11542.750000000,11532.750000000,11534.750000000,2758,MNQH3
2023-01-18T17:21:00.000000000Z,33,1,8071,11535.000000000,11538.000000000,11529.500000000,11531.750000000,1910,MNQH3
2023-01-18T17:22:00.000000000Z,33,1,8071,11531.750000000,11541.250000000,11530.500000000,11537.750000000,1890,MNQH3
2023-01-18T17:23:00.000000000Z,33,1,8071,11537.750000000,11538.750000000,11533.000000000,11534.000000000,1063,MNQH3
2023-01-18T17:24:00.000000000Z,33,1,8071,11534.500000000,11539.750000000,11530.250000000,11533.000000000,2040,MNQH3
2023-01-18T17:25:00.000000000Z,33,1,8071,11533.000000000,11538.750000000,11528.250000000,11529.500000000,1768,MNQH3
2023-01-18T17:26:00.000000000Z,33,1,8071,11529.500000000,11529.750000000,11514.500000000,11519.000000000,5324,MNQH3
2023-01-18T17:27:00.000000000Z,33,1,8071,11518.250000000,11524.500000000,11517.750000000,11524.250000000,2490,MNQH3
2023-01-18T17:28:00.000000000Z,33,1,8071,11524.250000000,11524.750000000,11518.750000000,11521.000000000,1900,MNQH3
2023-01-18T17:29:00.000000000Z,33,1,8071,11522.250000000,11530.500000000,11520.000000000,11523.500000000,1924,MNQH3
2023-01-18T17:30:00.000000000Z,33,1,8071,11524.000000000,11525.250000000,11516.500000000,11523.250000000,1927,MNQH3
2023-01-18T17:31:00.000000000Z,33,1,8071,11522.750000000,11523.000000000,11513.000000000,11517.250000000,2173,MNQH3
2023-01-18T17:32:00.000000000Z,33,1,8071,11517.500000000,11525.250000000,11516.000000000,11517.250000000,1797,MNQH3
2023-01-18T17:33:00.000000000Z,33,1,8071,11517.500000000,11521.250000000,11514.750000000,11517.500000000,1132,MNQH3
2023-01-18T17:34:00.000000000Z,33,1,8071,11517.750000000,11525.250000000,11517.750000000,11522.500000000,1144,MNQH3
2023-01-18T17:35:00.000000000Z,33,1,8071,11522.500000000,11529.750000000,11521.500000000,11524.500000000,1879,MNQH3
2023-01-18T17:36:00.000000000Z,33,1,8071,11524.500000000,11527.000000000,11521.000000000,11526.500000000,1306,MNQH3
2023-01-18T17:37:00.000000000Z,33,1,8071,11526.250000000,11536.500000000,11525.000000000,11533.000000000,2866,MNQH3
2023-01-18T17:38:00.000000000Z,33,1,8071,11533.000000000,11538.000000000,11531.750000000,11534.000000000,1670,MNQH3
2023-01-18T17:39:00.000000000Z,33,1,8071,11534.000000000,11535.000000000,11530.500000000,11531.000000000,963,MNQH3
2023-01-18T17:40:00.000000000Z,33,1,8071,11530.500000000,11533.250000000,11529.750000000,11532.250000000,738,MNQH3
2023-01-18T17:41:00.000000000Z,33,1,8071,11532.250000000,11533.750000000,11526.500000000,11527.000000000,1070,MNQH3
2023-01-18T17:42:00.000000000Z,33,1,8071,11527.000000000,11538.000000000,11524.000000000,11536.500000000,2073,MNQH3
2023-01-18T17:43:00.000000000Z,33,1,8071,11536.250000000,11537.000000000,11529.250000000,11531.750000000,1073,MNQH3
2023-01-18T17:44:00.000000000Z,33,1,8071,11531.250000000,11532.000000000,11526.000000000,11527.250000000,1170,MNQH3
2023-01-18T17:45:00.000000000Z,33,1,8071,11527.500000000,11529.000000000,11521.750000000,11527.500000000,1637,MNQH3
2023-01-18T17:46:00.000000000Z,33,1,8071,11527.000000000,11530.000000000,11523.750000000,11525.000000000,775,MNQH3
2023-01-18T17:47:00.000000000Z,33,1,8071,11525.000000000,11527.000000000,11522.250000000,11523.250000000,907,MNQH3
2023-01-18T17:48:00.000000000Z,33,1,8071,11523.500000000,11528.750000000,11520.500000000,11525.250000000,1251,MNQH3
2023-01-18T17:49:00.000000000Z,33,1,8071,11525.500000000,11530.500000000,11525.250000000,11528.500000000,1004,MNQH3
2023-01-18T17:50:00.000000000Z,33,1,8071,11529.000000000,11532.500000000,11524.000000000,11527.000000000,1126,MNQH3
2023-01-18T17:51:00.000000000Z,33,1,8071,11527.000000000,11534.500000000,11526.750000000,11528.750000000,1306,MNQH3
2023-01-18T17:52:00.000000000Z,33,1,8071,11528.750000000,11529.500000000,11516.000000000,11518.750000000,2693,MNQH3
2023-01-18T17:53:00.000000000Z,33,1,8071,11518.750000000,11520.250000000,11511.500000000,11513.000000000,2394,MNQH3
2023-01-18T17:54:00.000000000Z,33,1,8071,11513.250000000,11520.750000000,11511.000000000,11513.000000000,1960,MNQH3
2023-01-18T17:55:00.000000000Z,33,1,8071,11513.250000000,11514.750000000,11506.750000000,11509.750000000,2406,MNQH3
2023-01-18T17:56:00.000000000Z,33,1,8071,11509.500000000,11518.000000000,11509.000000000,11517.500000000,1956,MNQH3
2023-01-18T17:57:00.000000000Z,33,1,8071,11517.750000000,11523.750000000,11515.750000000,11517.750000000,1633,MNQH3
2023-01-18T17:58:00.000000000Z,33,1,8071,11517.500000000,11518.500000000,11508.500000000,11510.000000000,1265,MNQH3
2023-01-18T17:59:00.000000000Z,33,1,8071,11510.000000000,11513.750000000,11508.250000000,11513.250000000,1313,MNQH3
2023-01-18T18:00:00.000000000Z,33,1,8071,11513.500000000,11515.750000000,11508.500000000,11509.750000000,1383,MNQH3
2023-01-18T18:01:00.000000000Z,33,1,8071,11509.750000000,11525.500000000,11504.750000000,11519.750000000,3747,MNQH3
2023-01-18T18:02:00.000000000Z,33,1,8071,11519.250000000,11521.000000000,11508.000000000,11511.750000000,1877,MNQH3
2023-01-18T18:03:00.000000000Z,33,1,8071,11511.750000000,11512.500000000,11503.250000000,11506.000000000,1880,MNQH3
2023-01-18T18:04:00.000000000Z,33,1,8071,11505.750000000,11508.750000000,11500.000000000,11502.500000000,3482,MNQH3
2023-01-18T18:05:00.000000000Z,33,1,8071,11502.500000000,11505.500000000,11500.750000000,11504.000000000,1268,MNQH3
2023-01-18T18:06:00.000000000Z,33,1,8071,11503.250000000,11504.250000000,11491.250000000,11493.250000000,3134,MNQH3
2023-01-18T18:07:00.000000000Z,33,1,8071,11493.250000000,11501.000000000,11492.750000000,11494.000000000,1966,MNQH3
2023-01-18T18:08:00.000000000Z,33,1,8071,11494.000000000,11495.000000000,11487.250000000,11489.750000000,3295,MNQH3
2023-01-18T18:09:00.000000000Z,33,1,8071,11490.250000000,11495.250000000,11488.000000000,11489.000000000,1791,MNQH3
2023-01-18T18:10:00.000000000Z,33,1,8071,11489.000000000,11494.250000000,11486.000000000,11486.750000000,2180,MNQH3
2023-01-18T18:11:00.000000000Z,33,1,8071,11486.750000000,11495.250000000,11486.250000000,11488.000000000,1581,MNQH3
2023-01-18T18:12:00.000000000Z,33,1,8071,11488.000000000,11492.000000000,11486.750000000,11489.250000000,1048,MNQH3
2023-01-18T18:13:00.000000000Z,33,1,8071,11489.750000000,11490.250000000,11487.250000000,11488.750000000,817,MNQH3
2023-01-18T18:14:00.000000000Z,33,1,8071,11489.000000000,11494.750000000,11485.000000000,11490.500000000,1928,MNQH3
2023-01-18T18:15:00.000000000Z,33,1,8071,11490.750000000,11493.000000000,11485.500000000,11488.250000000,1289,MNQH3
2023-01-18T18:16:00.000000000Z,33,1,8071,11488.250000000,11493.250000000,11487.750000000,11492.750000000,877,MNQH3
2023-01-18T18:17:00.000000000Z,33,1,8071,11493.000000000,11494.750000000,11485.000000000,11485.250000000,1611,MNQH3
2023-01-18T18:18:00.000000000Z,33,1,8071,11485.500000000,11488.250000000,11483.250000000,11485.000000000,1408,MNQH3
2023-01-18T18:19:00.000000000Z,33,1,8071,11484.750000000,11490.750000000,11484.000000000,11487.750000000,1054,MNQH3
2023-01-18T18:20:00.000000000Z,33,1,8071,11487.250000000,11494.500000000,11484.250000000,11493.500000000,1411,MNQH3
2023-01-18T18:21:00.000000000Z,33,1,8071,11493.500000000,11497.250000000,11490.750000000,11495.000000000,1512,MNQH3
2023-01-18T18:22:00.000000000Z,33,1,8071,11494.750000000,11496.750000000,11490.500000000,11491.500000000,1086,MNQH3
2023-01-18T18:23:00.000000000Z,33,1,8071,11491.000000000,11498.000000000,11489.750000000,11496.250000000,1035,MNQH3
2023-01-18T18:24:00.000000000Z,33,1,8071,11496.250000000,11499.500000000,11494.000000000,11494.250000000,1132,MNQH3
2023-01-18T18:25:00.000000000Z,33,1,8071,11493.750000000,11501.000000000,11492.000000000,11500.000000000,1029,MNQH3
2023-01-18T18:26:00.000000000Z,33,1,8071,11499.750000000,11506.000000000,11498.250000000,11505.250000000,1547,MNQH3
2023-01-18T18:27:00.000000000Z,33,1,8071,11505.250000000,11509.000000000,11502.000000000,11503.750000000,1968,MNQH3
2023-01-18T18:28:00.000000000Z,33,1,8071,11503.750000000,11513.500000000,11503.750000000,11511.500000000,1609,MNQH3
2023-01-18T18:29:00.000000000Z,33,1,8071,11511.250000000,11512.000000000,11508.750000000,11510.750000000,963,MNQH3
2023-01-18T18:30:00.000000000Z,33,1,8071,11510.750000000,11511.000000000,11504.750000000,11507.500000000,1255,MNQH3
2023-01-18T18:31:00.000000000Z,33,1,8071,11507.250000000,11514.250000000,11506.750000000,11513.500000000,1126,MNQH3
2023-01-18T18:32:00.000000000Z,33,1,8071,11513.000000000,11515.500000000,11507.000000000,11509.250000000,1844,MNQH3
2023-01-18T18:33:00.000000000Z,33,1,8071,11509.250000000,11511.000000000,11503.750000000,11505.250000000,1040,MNQH3
2023-01-18T18:34:00.000000000Z,33,1,8071,11505.500000000,11506.000000000,11495.500000000,11497.250000000,2066,MNQH3
2023-01-18T18:35:00.000000000Z,33,1,8071,11497.250000000,11501.500000000,11495.250000000,11500.000000000,1329,MNQH3
2023-01-18T18:36:00.000000000Z,33,1,8071,11500.000000000,11506.750000000,11498.500000000,11503.750000000,1297,MNQH3
2023-01-18T18:37:00.000000000Z,33,1,8071,11504.250000000,11509.500000000,11501.250000000,11508.250000000,1096,MNQH3
2023-01-18T18:38:00.000000000Z,33,1,8071,11508.500000000,11513.750000000,11508.000000000,11509.750000000,1651,MNQH3
2023-01-18T18:39:00.000000000Z,33,1,8071,11509.750000000,11510.500000000,11503.750000000,11507.500000000,977,MNQH3
2023-01-18T18:40:00.000000000Z,33,1,8071,11507.250000000,11514.250000000,11507.250000000,11512.000000000,892,MNQH3
2023-01-18T18:41:00.000000000Z,33,1,8071,11512.250000000,11515.750000000,11511.250000000,11515.000000000,940,MNQH3
2023-01-18T18:42:00.000000000Z,33,1,8071,11515.000000000,11520.750000000,11511.750000000,11512.250000000,1540,MNQH3
2023-01-18T18:43:00.000000000Z,33,1,8071,11512.500000000,11516.750000000,11509.000000000,11516.250000000,914,MNQH3
2023-01-18T18:44:00.000000000Z,33,1,8071,11516.500000000,11526.500000000,11516.250000000,11522.000000000,2000,MNQH3
2023-01-18T18:45:00.000000000Z,33,1,8071,11521.500000000,11528.000000000,11519.500000000,11523.500000000,1543,MNQH3
2023-01-18T18:46:00.000000000Z,33,1,8071,11524.000000000,11531.500000000,11524.000000000,11528.750000000,1625,MNQH3
2023-01-18T18:47:00.000000000Z,33,1,8071,11529.000000000,11531.500000000,11519.250000000,11520.500000000,2005,MNQH3
2023-01-18T18:48:00.000000000Z,33,1,8071,11520.750000000,11523.750000000,11516.500000000,11517.750000000,1549,MNQH3
2023-01-18T18:49:00.000000000Z,33,1,8071,11518.000000000,11523.250000000,11516.500000000,11519.750000000,1023,MNQH3
2023-01-18T18:50:00.000000000Z,33,1,8071,11519.750000000,11529.750000000,11519.500000000,11529.250000000,1035,MNQH3
2023-01-18T18:51:00.000000000Z,33,1,8071,11529.000000000,11532.250000000,11525.000000000,11528.500000000,1305,MNQH3
2023-01-18T18:52:00.000000000Z,33,1,8071,11528.500000000,11536.750000000,11528.250000000,11536.000000000,1326,MNQH3
2023-01-18T18:53:00.000000000Z,33,1,8071,11535.750000000,11536.750000000,11531.250000000,11536.250000000,900,MNQH3
2023-01-18T18:54:00.000000000Z,33,1,8071,11536.250000000,11537.500000000,11533.000000000,11535.000000000,773,MNQH3
2023-01-18T18:55:00.000000000Z,33,1,8071,11535.250000000,11536.500000000,11528.500000000,11531.500000000,1347,MNQH3
2023-01-18T18:56:00.000000000Z,33,1,8071,11531.750000000,11533.500000000,11523.750000000,11524.500000000,1344,MNQH3
2023-01-18T18:57:00.000000000Z,33,1,8071,11524.250000000,11530.250000000,11523.750000000,11526.750000000,1093,MNQH3
2023-01-18T18:58:00.000000000Z,33,1,8071,11526.500000000,11528.750000000,11523.750000000,11524.250000000,717,MNQH3
2023-01-18T18:59:00.000000000Z,33,1,8071,11524.250000000,11525.750000000,11521.750000000,11524.750000000,1003,MNQH3
2023-01-18T19:00:00.000000000Z,33,1,8071,11525.000000000,11528.750000000,11517.000000000,11519.000000000,1854,MNQH3
2023-01-18T19:01:00.000000000Z,33,1,8071,11519.000000000,11520.000000000,11513.000000000,11517.750000000,1828,MNQH3
2023-01-18T19:02:00.000000000Z,33,1,8071,11517.750000000,11522.750000000,11508.250000000,11511.750000000,2015,MNQH3
2023-01-18T19:03:00.000000000Z,33,1,8071,11512.000000000,11524.000000000,11509.000000000,11520.000000000,1926,MNQH3
2023-01-18T19:04:00.000000000Z,33,1,8071,11520.500000000,11522.250000000,11516.750000000,11519.000000000,938,MNQH3
2023-01-18T19:05:00.000000000Z,33,1,8071,11518.500000000,11519.750000000,11507.000000000,11511.000000000,1863,MNQH3
2023-01-18T19:06:00.000000000Z,33,1,8071,11510.750000000,11511.250000000,11505.000000000,11506.250000000,1498,MNQH3
2023-01-18T19:07:00.000000000Z,33,1,8071,11506.250000000,11510.500000000,11503.750000000,11510.250000000,1008,MNQH3
2023-01-18T19:08:00.000000000Z,33,1,8071,11510.000000000,11521.500000000,11509.000000000,11520.500000000,1865,MNQH3
2023-01-18T19:09:00.000000000Z,33,1,8071,11520.750000000,11525.500000000,11517.250000000,11519.000000000,1443,MNQH3
2023-01-18T19:10:00.000000000Z,33,1,8071,11519.250000000,11527.750000000,11517.750000000,11526.750000000,1365,MNQH3
2023-01-18T19:11:00.000000000Z,33,1,8071,11526.500000000,11529.750000000,11523.000000000,11523.750000000,911,MNQH3
2023-01-18T19:12:00.000000000Z,33,1,8071,11523.750000000,11525.500000000,11520.500000000,11522.750000000,734,MNQH3
2023-01-18T19:13:00.000000000Z,33,1,8071,11522.500000000,11527.000000000,11519.500000000,11526.000000000,952,MNQH3
2023-01-18T19:14:00.000000000Z,33,1,8071,11526.500000000,11528.500000000,11522.250000000,11526.500000000,718,MNQH3
2023-01-18T19:15:00.000000000Z,33,1,8071,11526.500000000,11529.250000000,11522.250000000,11524.500000000,749,MNQH3
2023-01-18T19:16:00.000000000Z,33,1,8071,11524.500000000,11525.500000000,11521.500000000,11522.000000000,570,MNQH3
2023-01-18T19:17:00.000000000Z,33,1,8071,11522.250000000,11523.750000000,11513.750000000,11514.500000000,1585,MNQH3
2023-01-18T19:18:00.000000000Z,33,1,8071,11514.500000000,11517.750000000,11513.000000000,11515.250000000,1100,MNQH3
2023-01-18T19:19:00.000000000Z,33,1,8071,11515.750000000,11520.250000000,11515.250000000,11519.000000000,639,MNQH3
2023-01-18T19:20:00.000000000Z,33,1,8071,11519.500000000,11528.250000000,11519.500000000,11526.250000000,1434,MNQH3
2023-01-18T19:21:00.000000000Z,33,1,8071,11526.250000000,11528.250000000,11523.500000000,11524.500000000,846,MNQH3
2023-01-18T19:22:00.000000000Z,33,1,8071,11524.500000000,11528.750000000,11519.500000000,11527.250000000,1392,MNQH3
2023-01-18T19:23:00.000000000Z,33,1,8071,11527.250000000,11531.750000000,11522.500000000,11524.750000000,1356,MNQH3
2023-01-18T19:24:00.000000000Z,33,1,8071,11524.750000000,11528.000000000,11521.000000000,11526.500000000,757,MNQH3
2023-01-18T19:25:00.000000000Z,33,1,8071,11526.750000000,11529.250000000,11525.000000000,11526.750000000,517,MNQH3
2023-01-18T19:26:00.000000000Z,33,1,8071,11526.750000000,11530.500000000,11524.500000000,11526.250000000,902,MNQH3
2023-01-18T19:27:00.000000000Z,33,1,8071,11526.500000000,11534.250000000,11525.750000000,11533.750000000,1013,MNQH3
2023-01-18T19:28:00.000000000Z,33,1,8071,11533.250000000,11542.750000000,11532.500000000,11541.500000000,2343,MNQH3
2023-01-18T19:29:00.000000000Z,33,1,8071,11541.500000000,11544.000000000,11538.250000000,11541.000000000,1511,MNQH3
2023-01-18T19:30:00.000000000Z,33,1,8071,11541.000000000,11544.750000000,11539.500000000,11543.250000000,1476,MNQH3
2023-01-18T19:31:00.000000000Z,33,1,8071,11543.250000000,11543.250000000,11536.250000000,11538.250000000,1302,MNQH3
2023-01-18T19:32:00.000000000Z,33,1,8071,11538.500000000,11542.000000000,11536.750000000,11537.750000000,784,MNQH3
2023-01-18T19:33:00.000000000Z,33,1,8071,11537.500000000,11545.250000000,11537.500000000,11541.500000000,1202,MNQH3
2023-01-18T19:34:00.000000000Z,33,1,8071,11542.000000000,11543.000000000,11539.000000000,11542.000000000,641,MNQH3
2023-01-18T19:35:00.000000000Z,33,1,8071,11541.750000000,11542.500000000,11532.500000000,11534.500000000,1423,MNQH3
2023-01-18T19:36:00.000000000Z,33,1,8071,11534.250000000,11534.750000000,11529.500000000,11533.500000000,1196,MNQH3
2023-01-18T19:37:00.000000000Z,33,1,8071,11533.250000000,11539.500000000,11532.500000000,11538.500000000,1003,MNQH3
2023-01-18T19:38:00.000000000Z,33,1,8071,11538.250000000,11540.000000000,11532.250000000,11533.250000000,676,MNQH3
2023-01-18T19:39:00.000000000Z,33,1,8071,11532.250000000,11533.750000000,11529.750000000,11532.000000000,752,MNQH3
2023-01-18T19:40:00.000000000Z,33,1,8071,11532.250000000,11535.000000000,11530.250000000,11530.750000000,607,MNQH3
2023-01-18T19:41:00.000000000Z,33,1,8071,11531.000000000,11533.750000000,11529.500000000,11531.000000000,766,MNQH3
2023-01-18T19:42:00.000000000Z,33,1,8071,11531.250000000,11534.250000000,11526.250000000,11529.500000000,1154,MNQH3
2023-01-18T19:43:00.000000000Z,33,1,8071,11530.000000000,11535.000000000,11527.500000000,11534.250000000,916,MNQH3
2023-01-18T19:44:00.000000000Z,33,1,8071,11534.000000000,11537.500000000,11533.250000000,11535.750000000,667,MNQH3
2023-01-18T19:45:00.000000000Z,33,1,8071,11535.750000000,11540.250000000,11532.250000000,11533.500000000,1198,MNQH3
2023-01-18T19:46:00.000000000Z,33,1,8071,11533.000000000,11535.750000000,11531.000000000,11532.750000000,694,MNQH3
2023-01-18T19:47:00.000000000Z,33,1,8071,11533.000000000,11533.500000000,11528.500000000,11530.500000000,847,MNQH3
2023-01-18T19:48:00.000000000Z,33,1,8071,11530.500000000,11536.250000000,11529.000000000,11529.000000000,896,MNQH3
2023-01-18T19:49:00.000000000Z,33,1,8071,11528.750000000,11529.000000000,11524.500000000,11525.500000000,1037,MNQH3
2023-01-18T19:50:00.000000000Z,33,1,8071,11525.750000000,11528.000000000,11522.250000000,11522.500000000,1122,MNQH3
2023-01-18T19:51:00.000000000Z,33,1,8071,11523.000000000,11526.000000000,11520.500000000,11523.000000000,839,MNQH3
2023-01-18T19:52:00.000000000Z,33,1,8071,11523.000000000,11523.000000000,11518.500000000,11520.500000000,961,MNQH3
2023-01-18T19:53:00.000000000Z,33,1,8071,11520.750000000,11523.750000000,11519.250000000,11523.500000000,817,MNQH3
2023-01-18T19:54:00.000000000Z,33,1,8071,11523.500000000,11525.500000000,11521.250000000,11522.250000000,779,MNQH3
2023-01-18T19:55:00.000000000Z,33,1,8071,11522.000000000,11526.500000000,11516.750000000,11525.000000000,1517,MNQH3
2023-01-18T19:56:00.000000000Z,33,1,8071,11525.000000000,11527.000000000,11518.250000000,11520.750000000,917,MNQH3
2023-01-18T19:57:00.000000000Z,33,1,8071,11521.000000000,11524.250000000,11520.000000000,11522.750000000,576,MNQH3
2023-01-18T19:58:00.000000000Z,33,1,8071,11522.750000000,11527.500000000,11522.250000000,11524.750000000,823,MNQH3
2023-01-18T19:59:00.000000000Z,33,1,8071,11525.000000000,11526.500000000,11521.500000000,11524.000000000,611,MNQH3
2023-01-18T20:00:00.000000000Z,33,1,8071,11524.250000000,11524.500000000,11512.000000000,11519.250000000,2484,MNQH3
2023-01-18T20:01:00.000000000Z,33,1,8071,11519.000000000,11521.250000000,11512.000000000,11514.250000000,1436,MNQH3
2023-01-18T20:02:00.000000000Z,33,1,8071,11514.000000000,11520.750000000,11513.750000000,11518.750000000,1133,MNQH3
2023-01-18T20:03:00.000000000Z,33,1,8071,11519.000000000,11524.750000000,11513.250000000,11516.000000000,1417,MNQH3
2023-01-18T20:04:00.000000000Z,33,1,8071,11515.750000000,11521.250000000,11513.500000000,11516.750000000,1160,MNQH3
2023-01-18T20:05:00.000000000Z,33,1,8071,11516.500000000,11519.500000000,11514.750000000,11516.250000000,797,MNQH3
2023-01-18T20:06:00.000000000Z,33,1,8071,11515.750000000,11518.500000000,11512.000000000,11516.750000000,918,MNQH3
2023-01-18T20:07:00.000000000Z,33,1,8071,11517.000000000,11521.750000000,11516.250000000,11520.000000000,1081,MNQH3
2023-01-18T20:08:00.000000000Z,33,1,8071,11519.250000000,11524.500000000,11518.000000000,11524.500000000,1331,MNQH3
2023-01-18T20:09:00.000000000Z,33,1,8071,11524.000000000,11525.750000000,11518.500000000,11520.500000000,1435,MNQH3
2023-01-18T20:10:00.000000000Z,33,1,8071,11520.250000000,11531.250000000,11517.750000000,11525.250000000,2041,MNQH3
2023-01-18T20:11:00.000000000Z,33,1,8071,11525.500000000,11540.750000000,11525.500000000,11534.750000000,2989,MNQH3
2023-01-18T20:12:00.000000000Z,33,1,8071,11534.250000000,11539.500000000,11532.500000000,11533.000000000,1239,MNQH3
2023-01-18T20:13:00.000000000Z,33,1,8071,11532.750000000,11536.750000000,11528.750000000,11529.250000000,1050,MNQH3
2023-01-18T20:14:00.000000000Z,33,1,8071,11529.500000000,11530.000000000,11518.000000000,11525.250000000,2371,MNQH3
2023-01-18T20:15:00.000000000Z,33,1,8071,11524.750000000,11535.500000000,11524.750000000,11527.750000000,2004,MNQH3
2023-01-18T20:16:00.000000000Z,33,1,8071,11527.500000000,11528.000000000,11516.750000000,11519.500000000,1825,MNQH3
2023-01-18T20:17:00.000000000Z,33,1,8071,11519.250000000,11522.500000000,11514.250000000,11516.250000000,1445,MNQH3
2023-01-18T20:18:00.000000000Z,33,1,8071,11516.000000000,11522.000000000,11514.250000000,11520.250000000,1473,MNQH3
2023-01-18T20:19:00.000000000Z,33,1,8071,11520.250000000,11524.500000000,11518.750000000,11520.250000000,1220,MNQH3
2023-01-18T20:20:00.000000000Z,33,1,8071,11520.250000000,11523.500000000,11517.250000000,11521.750000000,1054,MNQH3
2023-01-18T20:21:00.000000000Z,33,1,8071,11521.750000000,11524.500000000,11515.750000000,11517.500000000,999,MNQH3
2023-01-18T20:22:00.000000000Z,33,1,8071,11517.500000000,11525.000000000,11516.250000000,11522.750000000,974,MNQH3
2023-01-18T20:23:00.000000000Z,33,1,8071,11522.750000000,11527.250000000,11522.000000000,11525.250000000,841,MNQH3
2023-01-18T20:24:00.000000000Z,33,1,8071,11525.000000000,11526.250000000,11520.750000000,11523.250000000,757,MNQH3
2023-01-18T20:25:00.000000000Z,33,1,8071,11523.250000000,11524.750000000,11519.000000000,11522.000000000,600,MNQH3
2023-01-18T20:26:00.000000000Z,33,1,8071,11521.750000000,11525.750000000,11521.250000000,11522.750000000,711,MNQH3
2023-01-18T20:27:00.000000000Z,33,1,8071,11522.750000000,11525.250000000,11520.500000000,11525.000000000,715,MNQH3
2023-01-18T20:28:00.000000000Z,33,1,8071,11525.250000000,11525.250000000,11518.000000000,11518.750000000,1015,MNQH3
2023-01-18T20:29:00.000000000Z,33,1,8071,11519.000000000,11521.250000000,11515.000000000,11517.500000000,1220,MNQH3
2023-01-18T20:30:00.000000000Z,33,1,8071,11517.250000000,11517.250000000,11512.500000000,11514.500000000,1517,MNQH3
2023-01-18T20:31:00.000000000Z,33,1,8071,11514.250000000,11517.250000000,11506.750000000,11508.500000000,2547,MNQH3
2023-01-18T20:32:00.000000000Z,33,1,8071,11508.750000000,11509.750000000,11497.250000000,11499.500000000,3474,MNQH3
2023-01-18T20:33:00.000000000Z,33,1,8071,11499.250000000,11505.000000000,11497.000000000,11503.000000000,2317,MNQH3
2023-01-18T20:34:00.000000000Z,33,1,8071,11503.000000000,11504.000000000,11499.250000000,11499.500000000,1042,MNQH3
2023-01-18T20:35:00.000000000Z,33,1,8071,11500.250000000,11508.000000000,11500.000000000,11504.500000000,1545,MNQH3
2023-01-18T20:36:00.000000000Z,33,1,8071,11504.750000000,11507.000000000,11501.250000000,11502.500000000,910,MNQH3
2023-01-18T20:37:00.000000000Z,33,1,8071,11502.500000000,11506.250000000,11499.500000000,11500.250000000,914,MNQH3
2023-01-18T20:38:00.000000000Z,33,1,8071,11500.250000000,11500.250000000,11495.000000000,11498.750000000,1947,MNQH3
2023-01-18T20:39:00.000000000Z,33,1,8071,11498.750000000,11502.250000000,11495.750000000,11496.250000000,1495,MNQH3
2023-01-18T20:40:00.000000000Z,33,1,8071,11496.250000000,11497.500000000,11491.000000000,11491.250000000,1741,MNQH3
2023-01-18T20:41:00.000000000Z,33,1,8071,11491.500000000,11496.000000000,11490.500000000,11490.500000000,2131,MNQH3
2023-01-18T20:42:00.000000000Z,33,1,8071,11491.250000000,11494.000000000,11487.250000000,11490.500000000,1959,MNQH3
2023-01-18T20:43:00.000000000Z,33,1,8071,11490.750000000,11491.000000000,11487.250000000,11488.750000000,1296,MNQH3
2023-01-18T20:44:00.000000000Z,33,1,8071,11488.500000000,11496.000000000,11488.000000000,11492.250000000,2033,MNQH3
2023-01-18T20:45:00.000000000Z,33,1,8071,11492.500000000,11501.750000000,11489.750000000,11498.000000000,2126,MNQH3
2023-01-18T20:46:00.000000000Z,33,1,8071,11498.250000000,11502.750000000,11490.750000000,11491.000000000,1631,MNQH3
2023-01-18T20:47:00.000000000Z,33,1,8071,11491.000000000,11494.500000000,11485.500000000,11490.750000000,2210,MNQH3
2023-01-18T20:48:00.000000000Z,33,1,8071,11490.750000000,11492.750000000,11485.750000000,11487.500000000,1368,MNQH3
2023-01-18T20:49:00.000000000Z,33,1,8071,11488.250000000,11493.750000000,11486.750000000,11491.000000000,1067,MNQH3
2023-01-18T20:50:00.000000000Z,33,1,8071,11491.250000000,11499.250000000,11478.000000000,11496.250000000,4286,MNQH3
2023-01-18T20:51:00.000000000Z,33,1,8071,11496.000000000,11497.000000000,11489.250000000,11495.000000000,1576,MNQH3
2023-01-18T20:52:00.000000000Z,33,1,8071,11495.250000000,11502.250000000,11495.000000000,11496.500000000,2058,MNQH3
2023-01-18T20:53:00.000000000Z,33,1,8071,11496.750000000,11497.750000000,11489.500000000,11490.000000000,1745,MNQH3
2023-01-18T20:54:00.000000000Z,33,1,8071,11489.750000000,11493.750000000,11487.250000000,11489.500000000,2158,MNQH3
2023-01-18T20:55:00.000000000Z,33,1,8071,11489.750000000,11491.750000000,11485.000000000,11485.000000000,2655,MNQH3
2023-01-18T20:56:00.000000000Z,33,1,8071,11485.250000000,11487.250000000,11476.250000000,11477.250000000,2703,MNQH3
2023-01-18T20:57:00.000000000Z,33,1,8071,11477.250000000,11481.750000000,11474.250000000,11477.000000000,2369,MNQH3
2023-01-18T20:58:00.000000000Z,33,1,8071,11477.250000000,11478.500000000,11473.250000000,11473.500000000,2848,MNQH3
2023-01-18T20:59:00.000000000Z,33,1,8071,11473.500000000,11481.000000000,11470.750000000,11479.500000000,5909,MNQH3
2023-01-18T21:00:00.000000000Z,33,1,8071,11479.500000000,11484.000000000,11475.000000000,11478.250000000,3318,MNQH3
2023-01-18T21:01:00.000000000Z,33,1,8071,11478.250000000,11479.500000000,11474.000000000,11475.750000000,806,MNQH3
2023-01-18T21:02:00.000000000Z,33,1,8071,11476.250000000,11477.500000000,11473.750000000,11475.250000000,607,MNQH3
2023-01-18T21:03:00.000000000Z,33,1,8071,11475.250000000,11477.750000000,11474.750000000,11476.500000000,1044,MNQH3
2023-01-18T21:04:00.000000000Z,33,1,8071,11476.750000000,11478.000000000,11473.000000000,11474.000000000,453,MNQH3
2023-01-18T21:05:00.000000000Z,33,1,8071,11474.500000000,11475.750000000,11473.500000000,11474.000000000,253,MNQH3
2023-01-18T21:06:00.000000000Z,33,1,8071,11473.750000000,11475.500000000,11473.000000000,11474.500000000,317,MNQH3
2023-01-18T21:07:00.000000000Z,33,1,8071,11474.750000000,11477.000000000,11474.500000000,11475.000000000,235,MNQH3
2023-01-18T21:08:00.000000000Z,33,1,8071,11475.250000000,11475.750000000,11474.000000000,11474.000000000,182,MNQH3
2023-01-18T21:09:00.000000000Z,33,1,8071,11474.250000000,11475.250000000,11471.000000000,11473.500000000,352,MNQH3
2023-01-18T21:10:00.000000000Z,33,1,8071,11473.750000000,11478.000000000,11473.500000000,11475.500000000,329,MNQH3
2023-01-18T21:11:00.000000000Z,33,1,8071,11475.500000000,11477.000000000,11473.250000000,11474.750000000,207,MNQH3
2023-01-18T21:12:00.000000000Z,33,1,8071,11475.000000000,11477.000000000,11474.750000000,11476.250000000,216,MNQH3
2023-01-18T21:13:00.000000000Z,33,1,8071,11476.250000000,11476.500000000,11471.750000000,11472.250000000,430,MNQH3
2023-01-18T21:14:00.000000000Z,33,1,8071,11472.750000000,11473.750000000,11467.750000000,11469.750000000,669,MNQH3
2023-01-18T21:15:00.000000000Z,33,1,8071,11469.750000000,11472.000000000,11468.000000000,11472.000000000,335,MNQH3
2023-01-18T21:16:00.000000000Z,33,1,8071,11471.500000000,11473.500000000,11471.500000000,11472.250000000,197,MNQH3
2023-01-18T21:17:00.000000000Z,33,1,8071,11472.500000000,11473.250000000,11471.250000000,11472.250000000,119,MNQH3
2023-01-18T21:18:00.000000000Z,33,1,8071,11472.250000000,11473.250000000,11471.250000000,11473.250000000,143,MNQH3
2023-01-18T21:19:00.000000000Z,33,1,8071,11472.750000000,11474.000000000,11471.750000000,11473.750000000,128,MNQH3
2023-01-18T21:20:00.000000000Z,33,1,8071,11473.500000000,11474.000000000,11472.250000000,11473.250000000,99,MNQH3
2023-01-18T21:21:00.000000000Z,33,1,8071,11472.750000000,11474.500000000,11472.750000000,11473.500000000,134,MNQH3
2023-01-18T21:22:00.000000000Z,33,1,8071,11473.750000000,11476.000000000,11473.750000000,11474.500000000,171,MNQH3
2023-01-18T21:23:00.000000000Z,33,1,8071,11474.750000000,11475.750000000,11474.000000000,11475.750000000,106,MNQH3
2023-01-18T21:24:00.000000000Z,33,1,8071,11475.750000000,11476.250000000,11475.000000000,11475.500000000,129,MNQH3
2023-01-18T21:25:00.000000000Z,33,1,8071,11475.750000000,11477.000000000,11475.500000000,11476.500000000,122,MNQH3
2023-01-18T21:26:00.000000000Z,33,1,8071,11476.500000000,11478.000000000,11476.500000000,11476.500000000,119,MNQH3
2023-01-18T21:27:00.000000000Z,33,1,8071,11477.000000000,11478.250000000,11476.250000000,11476.500000000,133,MNQH3
2023-01-18T21:28:00.000000000Z,33,1,8071,11476.500000000,11477.000000000,11474.750000000,11475.000000000,161,MNQH3
2023-01-18T21:29:00.000000000Z,33,1,8071,11475.000000000,11475.500000000,11472.000000000,11473.000000000,183,MNQH3
2023-01-18T21:30:00.000000000Z,33,1,8071,11473.250000000,11474.500000000,11472.000000000,11473.750000000,225,MNQH3
2023-01-18T21:31:00.000000000Z,33,1,8071,11474.250000000,11475.000000000,11473.750000000,11474.500000000,91,MNQH3
2023-01-18T21:32:00.000000000Z,33,1,8071,11474.250000000,11476.000000000,11474.000000000,11474.750000000,85,MNQH3
2023-01-18T21:33:00.000000000Z,33,1,8071,11474.750000000,11477.250000000,11474.500000000,11476.750000000,109,MNQH3
2023-01-18T21:34:00.000000000Z,33,1,8071,11477.000000000,11479.750000000,11476.250000000,11478.500000000,153,MNQH3
2023-01-18T21:35:00.000000000Z,33,1,8071,11478.500000000,11479.750000000,11478.250000000,11478.750000000,134,MNQH3
2023-01-18T21:36:00.000000000Z,33,1,8071,11478.500000000,11480.000000000,11478.500000000,11479.500000000,108,MNQH3
2023-01-18T21:37:00.000000000Z,33,1,8071,11479.500000000,11481.250000000,11478.000000000,11478.750000000,203,MNQH3
2023-01-18T21:38:00.000000000Z,33,1,8071,11479.250000000,11479.250000000,11477.500000000,11478.000000000,86,MNQH3
2023-01-18T21:39:00.000000000Z,33,1,8071,11478.500000000,11480.000000000,11478.500000000,11479.500000000,125,MNQH3
2023-01-18T21:40:00.000000000Z,33,1,8071,11479.500000000,11480.250000000,11478.750000000,11478.750000000,65,MNQH3
2023-01-18T21:41:00.000000000Z,33,1,8071,11479.250000000,11480.500000000,11479.000000000,11479.750000000,113,MNQH3
2023-01-18T21:42:00.000000000Z,33,1,8071,11480.000000000,11481.000000000,11479.000000000,11479.250000000,77,MNQH3
2023-01-18T21:43:00.000000000Z,33,1,8071,11479.500000000,11480.250000000,11479.500000000,11479.750000000,64,MNQH3
2023-01-18T21:44:00.000000000Z,33,1,8071,11479.750000000,11480.750000000,11479.000000000,11479.750000000,152,MNQH3
2023-01-18T21:45:00.000000000Z,33,1,8071,11480.000000000,11481.000000000,11478.750000000,11478.750000000,154,MNQH3
2023-01-18T21:46:00.000000000Z,33,1,8071,11479.000000000,11480.250000000,11478.500000000,11480.000000000,81,MNQH3
2023-01-18T21:47:00.000000000Z,33,1,8071,11480.250000000,11480.250000000,11478.750000000,11478.750000000,56,MNQH3
2023-01-18T21:48:00.000000000Z,33,1,8071,11479.250000000,11479.500000000,11477.250000000,11478.000000000,68,MNQH3
2023-01-18T21:49:00.000000000Z,33,1,8071,11477.500000000,11477.500000000,11474.000000000,11474.500000000,184,MNQH3
2023-01-18T21:50:00.000000000Z,33,1,8071,11474.750000000,11475.000000000,11473.500000000,11474.250000000,99,MNQH3
2023-01-18T21:51:00.000000000Z,33,1,8071,11475.000000000,11476.250000000,11474.500000000,11475.500000000,94,MNQH3
2023-01-18T21:52:00.000000000Z,33,1,8071,11475.500000000,11477.500000000,11475.500000000,11477.000000000,47,MNQH3
2023-01-18T21:53:00.000000000Z,33,1,8071,11477.000000000,11479.250000000,11477.000000000,11478.750000000,87,MNQH3
2023-01-18T21:54:00.000000000Z,33,1,8071,11479.000000000,11481.750000000,11479.000000000,11480.750000000,93,MNQH3
2023-01-18T21:55:00.000000000Z,33,1,8071,11481.000000000,11482.750000000,11480.750000000,11482.750000000,113,MNQH3
2023-01-18T21:56:00.000000000Z,33,1,8071,11482.250000000,11486.250000000,11481.750000000,11484.500000000,199,MNQH3
2023-01-18T21:57:00.000000000Z,33,1,8071,11484.750000000,11485.000000000,11483.000000000,11483.750000000,81,MNQH3
2023-01-18T21:58:00.000000000Z,33,1,8071,11483.750000000,11485.000000000,11482.500000000,11483.000000000,82,MNQH3
2023-01-18T21:59:00.000000000Z,33,1,8071,11483.250000000,11484.250000000,11482.000000000,11482.000000000,202,MNQH3
2023-01-18T23:00:00.000000000Z,33,1,8071,11470.000000000,11477.000000000,11464.750000000,11475.250000000,621,MNQH3
2023-01-18T23:01:00.000000000Z,33,1,8071,11476.000000000,11479.750000000,11475.500000000,11477.000000000,997,MNQH3
2023-01-18T23:02:00.000000000Z,33,1,8071,11477.000000000,11478.750000000,11475.500000000,11478.250000000,229,MNQH3
2023-01-18T23:03:00.000000000Z,33,1,8071,11478.000000000,11478.750000000,11476.250000000,11476.500000000,137,MNQH3
2023-01-18T23:04:00.000000000Z,33,1,8071,11477.000000000,11478.750000000,11476.750000000,11478.250000000,104,MNQH3
2023-01-18T23:05:00.000000000Z,33,1,8071,11478.250000000,11482.750000000,11478.250000000,11482.000000000,229,MNQH3
2023-01-18T23:06:00.000000000Z,33,1,8071,11482.000000000,11482.250000000,11479.500000000,11481.250000000,116,MNQH3
2023-01-18T23:07:00.000000000Z,33,1,8071,11481.500000000,11482.750000000,11481.000000000,11481.250000000,178,MNQH3
2023-01-18T23:08:00.000000000Z,33,1,8071,11481.500000000,11486.500000000,11481.500000000,11485.500000000,239,MNQH3
2023-01-18T23:09:00.000000000Z,33,1,8071,11485.000000000,11486.750000000,11484.000000000,11485.500000000,139,MNQH3
2023-01-18T23:10:00.000000000Z,33,1,8071,11486.250000000,11486.750000000,11484.500000000,11485.750000000,174,MNQH3
2023-01-18T23:11:00.000000000Z,33,1,8071,11485.750000000,11486.000000000,11483.750000000,11484.000000000,126,MNQH3
2023-01-18T23:12:00.000000000Z,33,1,8071,11484.000000000,11485.750000000,11484.000000000,11485.500000000,77,MNQH3
2023-01-18T23:13:00.000000000Z,33,1,8071,11485.500000000,11485.750000000,11481.250000000,11482.500000000,269,MNQH3
2023-01-18T23:14:00.000000000Z,33,1,8071,11482.500000000,11484.000000000,11480.500000000,11481.250000000,107,MNQH3
2023-01-18T23:15:00.000000000Z,33,1,8071,11481.500000000,11483.750000000,11480.250000000,11483.750000000,107,MNQH3
2023-01-18T23:16:00.000000000Z,33,1,8071,11483.250000000,11483.500000000,11481.250000000,11483.250000000,91,MNQH3
2023-01-18T23:17:00.000000000Z,33,1,8071,11483.000000000,11484.000000000,11482.250000000,11482.750000000,69,MNQH3
2023-01-18T23:18:00.000000000Z,33,1,8071,11482.250000000,11483.000000000,11480.750000000,11481.000000000,58,MNQH3
2023-01-18T23:19:00.000000000Z,33,1,8071,11480.750000000,11482.000000000,11480.500000000,11481.250000000,71,MNQH3
2023-01-18T23:20:00.000000000Z,33,1,8071,11481.500000000,11481.750000000,11479.500000000,11480.000000000,143,MNQH3
2023-01-18T23:21:00.000000000Z,33,1,8071,11480.250000000,11482.000000000,11480.250000000,11481.250000000,87,MNQH3
2023-01-18T23:22:00.000000000Z,33,1,8071,11481.000000000,11481.750000000,11479.500000000,11481.000000000,52,MNQH3
2023-01-18T23:23:00.000000000Z,33,1,8071,11481.250000000,11482.500000000,11481.250000000,11481.750000000,84,MNQH3
2023-01-18T23:24:00.000000000Z,33,1,8071,11481.750000000,11483.500000000,11481.750000000,11483.250000000,94,MNQH3
2023-01-18T23:25:00.000000000Z,33,1,8071,11483.250000000,11484.250000000,11483.000000000,11483.500000000,114,MNQH3
2023-01-18T23:26:00.000000000Z,33,1,8071,11483.000000000,11484.500000000,11482.500000000,11482.750000000,44,MNQH3
2023-01-18T23:27:00.000000000Z,33,1,8071,11481.750000000,11483.750000000,11481.750000000,11483.000000000,76,MNQH3
2023-01-18T23:28:00.000000000Z,33,1,8071,11483.750000000,11484.250000000,11483.500000000,11483.750000000,56,MNQH3
2023-01-18T23:29:00.000000000Z,33,1,8071,11483.750000000,11485.750000000,11483.500000000,11484.500000000,79,MNQH3
2023-01-18T23:30:00.000000000Z,33,1,8071,11484.250000000,11485.250000000,11480.000000000,11480.250000000,145,MNQH3
2023-01-18T23:31:00.000000000Z,33,1,8071,11480.750000000,11481.000000000,11479.500000000,11480.500000000,135,MNQH3
2023-01-18T23:32:00.000000000Z,33,1,8071,11480.250000000,11481.000000000,11479.750000000,11480.750000000,56,MNQH3
2023-01-18T23:33:00.000000000Z,33,1,8071,11481.250000000,11481.750000000,11480.750000000,11481.500000000,40,MNQH3
2023-01-18T23:34:00.000000000Z,33,1,8071,11482.000000000,11483.250000000,11481.750000000,11483.250000000,80,MNQH3
2023-01-18T23:35:00.000000000Z,33,1,8071,11483.500000000,11484.250000000,11483.000000000,11483.500000000,55,MNQH3
2023-01-18T23:36:00.000000000Z,33,1,8071,11483.500000000,11484.000000000,11482.500000000,11482.500000000,48,MNQH3
2023-01-18T23:37:00.000000000Z,33,1,8071,11482.000000000,11482.750000000,11481.750000000,11482.750000000,22,MNQH3
2023-01-18T23:38:00.000000000Z,33,1,8071,11482.750000000,11482.750000000,11481.250000000,11481.250000000,28,MNQH3
2023-01-18T23:39:00.000000000Z,33,1,8071,11481.000000000,11481.750000000,11481.000000000,11481.500000000,16,MNQH3
2023-01-18T23:40:00.000000000Z,33,1,8071,11481.250000000,11481.500000000,11481.000000000,11481.500000000,30,MNQH3
2023-01-18T23:41:00.000000000Z,33,1,8071,11481.250000000,11481.500000000,11478.750000000,11479.750000000,82,MNQH3
2023-01-18T23:42:00.000000000Z,33,1,8071,11479.750000000,11480.000000000,11478.250000000,11479.000000000,144,MNQH3
2023-01-18T23:43:00.000000000Z,33,1,8071,11479.000000000,11482.750000000,11478.750000000,11482.500000000,121,MNQH3
2023-01-18T23:44:00.000000000Z,33,1,8071,11482.500000000,11483.000000000,11481.250000000,11482.750000000,76,MNQH3
2023-01-18T23:45:00.000000000Z,33,1,8071,11482.750000000,11485.250000000,11482.750000000,11484.750000000,166,MNQH3
2023-01-18T23:46:00.000000000Z,33,1,8071,11484.750000000,11485.500000000,11483.500000000,11485.000000000,197,MNQH3
2023-01-18T23:47:00.000000000Z,33,1,8071,11484.750000000,11486.250000000,11484.250000000,11486.000000000,120,MNQH3
2023-01-18T23:48:00.000000000Z,33,1,8071,11486.250000000,11486.500000000,11485.250000000,11485.750000000,85,MNQH3
2023-01-18T23:49:00.000000000Z,33,1,8071,11485.750000000,11486.000000000,11484.750000000,11484.750000000,56,MNQH3
2023-01-18T23:50:00.000000000Z,33,1,8071,11484.750000000,11486.250000000,11484.250000000,11486.000000000,66,MNQH3
2023-01-18T23:51:00.000000000Z,33,1,8071,11486.250000000,11486.500000000,11484.500000000,11485.250000000,85,MNQH3
2023-01-18T23:52:00.000000000Z,33,1,8071,11485.000000000,11486.250000000,11485.000000000,11485.500000000,73,MNQH3
2023-01-18T23:53:00.000000000Z,33,1,8071,11485.250000000,11485.500000000,11484.500000000,11484.750000000,75,MNQH3
2023-01-18T23:54:00.000000000Z,33,1,8071,11485.000000000,11485.750000000,11483.250000000,11483.750000000,105,MNQH3
2023-01-18T23:55:00.000000000Z,33,1,8071,11483.750000000,11484.500000000,11483.000000000,11483.250000000,81,MNQH3
2023-01-18T23:56:00.000000000Z,33,1,8071,11483.000000000,11484.000000000,11480.750000000,11481.000000000,91,MNQH3
2023-01-18T23:57:00.000000000Z,33,1,8071,11481.000000000,11483.250000000,11480.250000000,11482.750000000,139,MNQH3
2023-01-18T23:58:00.000000000Z,33,1,8071,11482.750000000,11483.500000000,11480.500000000,11481.500000000,133,MNQH3
2023-01-18T23:59:00.000000000Z,33,1,8071,11481.250000000,11481.500000000,11479.000000000,11479.250000000,103,MNQH3
